stn_code,monitoring_location,year,type_water_body,state_name,avg_temperature,avg_dissolved,avg_ph,avg_conductivity,avg_bod,avg_nitraten,avg_fecal_coliform,anomaly_zscore,is_anomaly_z,wqi,wqi_category,is_anomaly_iqr
3376," BIT MESRA, RANCHI",2017,Lake,JHARKHAND,19.65,6.82,7.32,162.26,4.16,8.1,117.5,0.9079936679446411,False,3.56,Excellent,False
6121, KANKE DAM,2021,River,JHARKHAND,22.2,5.29,7.07,114.56,4.38,7.0,204.0,1.9471294984236087,False,3.05,Excellent,False
2524, MASANJORE DAM,2015,Lake,HIMACHAL PRADESH,23.72,5.56,7.38,138.69,3.92,4.819999999999999,83.0,1.3195004463120188,False,3.2,Excellent,False
4441, BOKARO,2008,Pond,UTTARAKHAND,24.52,7.01,6.94,150.12,3.15,8.299999999999999,102.0,1.5228586425560815,False,3.55,Excellent,False
3669, TENUGH DAM,2010,Lake,HIMACHAL PRADESH,20.55,4.23,7.68,176.34,3.72,10.9,143.5,2.0742475507081855,False,2.86,Moderate,False
9134, NEAR TELMUCHO BRIDGE,2020,Pond,HIMACHAL PRADESH,19.31,4.6,6.78,223.62,2.23,2.8899999999999997,179.0,2.1076940808999103,False,2.83,Moderate,False
3950, ZARANGDIH BRIDGE,2006,River,HIMACHAL PRADESH,21.34,5.35,7.7,138.37,3.32,5.535,200.0,1.3963232924873892,False,3.2,Excellent,False
7089," BOLBA, JHARKHAND",2013,Lake,HIMACHAL PRADESH,16.01,6.15,7.31,216.12,2.68,9.11,166.0,1.3710495523367507,False,3.38,Excellent,False
5074, MAITHAN DAM,2008,Reservoir,HIMACHAL PRADESH,17.45,7.42,6.74,178.12,4.57,6.3149999999999995,204.5,1.5944283004778832,False,3.62,Excellent,False
4175, BOKARO,2024,River,HIMACHAL PRADESH,17.14,6.51,6.85,149.64,4.61,6.805,114.0,1.6668845208798861,False,3.37,Excellent,False
5717," NK AREA,  PO-DAKRA",2008,Lake,HIMACHAL PRADESH,17.31,5.28,7.26,231.24,2.48,9.415000000000001,253.5,1.6079849968960476,False,3.12,Excellent,False
1938,NEAR TELMUCHO BRIDGE,2012,Reservoir,HIMACHAL PRADESH,24.28,5.4,7.49,230.62,5.2,6.635,99.0,1.7714626597128662,False,3.16,Excellent,False
6243, TIUNI,2017,Lake,HIMACHAL PRADESH,20.4,6.67,6.91,220.29,4.75,8.92,160.0,1.216534907981882,False,3.43,Excellent,False
4812, HARIPUR (U.K.),2000,Reservoir,HIMACHAL PRADESH,24.35,7.25,7.03,166.6,4.21,5.18,242.0,1.6206535172191066,False,3.63,Excellent,False
2814,D/S RAJGARH TOWN,2021,Lake,MADHYA PRADESH,20.88,4.92,7.26,176.71,3.62,9.030000000000001,156.5,1.289750827813051,False,2.98,Moderate,False
9975, BARU SAHIB,2011,Reservoir,MADHYA PRADESH,21.2,6.24,7.3,138.3,2.19,5.1,92.0,1.9758584502907448,False,3.43,Excellent,False
9015,U/S CHAILLA,2014,Pond,MADHYA PRADESH,13.98,6.1,7.72,170.76,3.97,7.965,255.0,1.84837268707361,False,3.42,Excellent,False
9520, YASHWANT NAGAR- NEAR SHANI MANDIR,2009,River,MADHYA PRADESH,18.84,6.08,7.04,220.03,3.46,7.475,236.0,1.6318474755337855,False,3.29,Excellent,False
2957, VILLAGE MARYOG,2018,Pond,MADHYA PRADESH,20.24,4.96,7.04,141.16,4.65,9.870000000000001,131.5,1.2553982870638285,False,2.94,Moderate,False
7473, U/S CCI MINES ,2003,Reservoir,MADHYA PRADESH,22.82,6.84,7.08,236.01,3.06,11.06,49.5,1.6706185237598166,False,3.53,Excellent,False
6686,AUN,2017,River,MADHYA PRADESH,16.58,6.38,7.8,185.82,4.7,10.370000000000001,249.0,1.7185738771949652,False,3.52,Excellent,False
9116, SAINJ,2010,River,RAJASTHAN,21.2,5.44,7.63,226.57,3.58,8.835,140.5,1.4720563125797768,False,3.22,Excellent,False
5096, SAINJ,2023,Pond,RAJASTHAN,16.39,6.62,6.92,257.9,4.6,8.235,148.0,1.7806776124194157,False,3.41,Excellent,False
6267,"ION OF INDIA,  BANGRAN BRIDGE",2005,River,RAJASTHAN,24.48,5.45,6.76,198.5,3.96,8.969999999999999,236.0,1.5084721646202512,False,3.04,Excellent,False
2360,ER SUPPLY INTAKE WELL ,2021,Pond,RAJASTHAN,16.48,4.16,7.66,128.96,4.84,8.365,120.0,2.155004566300331,False,2.82,Moderate,False
8607," AGASOD,  BINA",2002,River,RAJASTHAN,23.67,6.68,6.82,240.22,2.78,8.85,54.5,1.5932056349412669,False,3.44,Excellent,False
7053, M/S J.P. THERMAL POWER,2018,Reservoir,MADHYA PRADESH,25.85,5.61,7.53,136.32,3.5,6.1,163.5,1.9496574879857287,False,3.25,Excellent,False
5392," CHARANTIRGH, VIDISHA",2016,Pond,ANDHRA PRADESH,22.86,5.62,7.1,184.24,4.36,9.620000000000001,66.5,1.4074147017767473,False,3.15,Excellent,False
8291, VIDISHA,2018,Lake,ANDHRA PRADESH,22.4,6.16,7.33,154.93,2.94,4.4,238.0,1.4208899686639098,False,3.38,Excellent,False
3615, U/S NEAR ROAD BRIDGE ORCHHA,2017,River,ANDHRA PRADESH,18.52,6.56,7.6,138.36,4.03,4.3,179.5,1.4663736847060291,False,3.54,Excellent,False
4946, KANJIA ROAD BRIDGE,2002,Reservoir,ANDHRA PRADESH,18.34,6.49,7.04,152.52,2.97,5.585,146.0,1.3466920140441905,False,3.42,Excellent,False
3658, ANICUT OF M/S CFCL GADEPAN,2001,Reservoir,ANDHRA PRADESH,16.63,6.83,7.32,154.84,4.44,3.315,122.5,1.9143882877209037,False,3.56,Excellent,False
1862, BAROD ROAD BRIDGE,2020,Lake,ANDHRA PRADESH,18.69,6.48,7.79,131.84,4.36,9.04,76.5,1.687883345318051,False,3.55,Excellent,False
5812, TONK,2017,Reservoir,ANDHRA PRADESH,16.0,5.34,6.81,133.26,2.57,4.845,119.0,1.5019875611721518,False,3.04,Excellent,False
4946,JAIPUR,2004,Lake,ANDHRA PRADESH,21.44,4.47,7.67,131.6,3.38,10.610000000000001,60.5,1.8031347126488375,False,2.94,Moderate,False
8239," GANDHI SAGAR DAM, CHITTORGARH",2005,River,ANDHRA PRADESH,21.1,7.84,7.36,203.56,3.08,10.255,169.0,2.07897039403076,False,3.89,Excellent,False
5099, TAL VILLAGE NEAR BRIDGE,2009,Reservoir,ANDHRA PRADESH,19.5,5.03,6.9,170.56,4.88,10.03,175.5,1.3848837764845399,False,2.93,Moderate,False
4202, RANASTHALAM (M),2007,Lake,ANDHRA PRADESH,23.16,7.66,6.96,194.1,2.91,4.12,177.5,1.8770778550503948,False,3.76,Excellent,False
8550, PUSAPATIREGA (M),2017,River,ANDHRA PRADESH,20.85,5.13,6.65,139.73,2.89,7.9350000000000005,256.0,1.8108372886499284,False,2.94,Moderate,False
5189,VISAKHAPATNAM,2006,Reservoir,GOA,23.04,6.48,7.48,252.98,5.18,10.035,97.0,1.7527572298792369,False,3.48,Excellent,False
4983,KAKINADA,2005,River,GOA,23.12,7.0,6.66,221.01,3.07,6.335,200.0,1.7954920227114728,False,3.5,Excellent,False
2905, TIUNIKAKINADA,2016,River,GOA,15.53,4.36,7.62,187.1,3.86,8.055,43.0,1.9300385942936389,False,2.89,Moderate,False
1132, KAKINADA,2002,Reservoir,GOA,13.22,6.02,7.67,162.9,3.39,6.7,247.0,2.089745816885883,False,3.4,Excellent,False
4819, NARSAPUR (M),2013,Lake,ANDHRA PRADESH,25.84,4.76,7.32,233.57,3.6,5.57,245.5,1.946460492888878,False,2.95,Moderate,False
6431,MACHILIPATNAM (V & M),2014,Reservoir,ANDHRA PRADESH,20.12,5.9,6.52,183.62,4.37,10.764999999999999,90.0,2.1944689371113304,False,3.12,Excellent,False
8634, NIZAMPATNAM (V & M),2024,Lake,ANDHRA PRADESH,20.48,7.22,7.76,195.62,3.12,7.42,163.5,1.6668845208798861,False,3.78,Excellent,False
1784," BIT MESRA, RANCHI",2011,Reservoir,ANDHRA PRADESH,16.26,5.86,7.6,190.5,3.14,6.445,109.5,1.4279159814271345,False,3.34,Excellent,False
4475, KANKE DAM,2000,River,ANDHRA PRADESH,20.7,5.72,7.13,246.16,2.83,8.47,111.5,1.6206535172191066,False,3.21,Excellent,False
3155, MASANJORE DAM,2008,Pond,DELHI,17.2,4.94,7.38,155.05,4.39,6.955,184.5,1.2551406782735595,False,3.01,Excellent,False
4366, BOKARO,2020,Pond,DELHI,18.03,5.0,7.84,221.32,2.8,6.275,54.5,1.8566812706410696,False,3.14,Excellent,False
4292, TENUGH DAM,2015,Reservoir,GOA,23.38,4.72,7.48,187.25,3.33,8.27,220.5,1.520485158076326,False,2.97,Moderate,False
4017, NEAR TELMUCHO BRIDGE,2019,River,GOA,24.14,7.74,7.3,157.45,3.86,8.71,191.5,1.9693715871557047,False,3.83,Excellent,False
8286, ZARANGDIH BRIDGE,2009,Reservoir,GOA,17.25,4.92,7.26,158.86,4.34,6.605,239.5,1.2839824695564692,False,2.98,Moderate,False
3485," BOLBA, JHARKHAND",2000,Reservoir,GUJARAT,21.47,6.28,7.06,230.44,3.98,11.11,61.5,1.6310673777622897,False,3.35,Excellent,False
9058, MAITHAN DAM,2000,Pond,ASSAM,19.37,6.09,7.14,165.44,5.44,7.699999999999999,134.5,2.0769846803288012,False,3.29,Excellent,False
1357, BOKARO,2018,Reservoir,ASSAM,13.02,5.92,6.57,152.83,3.05,4.98,215.5,2.1520872212744826,False,3.16,Excellent,False
7044," NK AREA,  PO-DAKRA",2010,River,ASSAM,16.45,6.42,7.4,189.62,4.33,5.5649999999999995,157.5,1.055517903054489,False,3.45,Excellent,False
7439,NEAR TELMUCHO BRIDGE,2014,Lake,ASSAM,24.83,7.41,7.24,117.69,4.66,7.915,48.5,1.8656040342276345,False,3.72,Excellent,False
4744, TIUNI,2011,Lake,ASSAM,24.14,5.11,7.48,242.72,5.08,9.88,69.0,1.634289507599589,False,3.07,Excellent,False
4098, HARIPUR (U.K.),2023,Lake,ASSAM,21.99,4.84,7.9,206.01,2.82,7.47,84.5,2.040824461902544,False,3.1,Excellent,False
7651,D/S RAJGARH TOWN,2008,Lake,ASSAM,15.66,5.07,6.56,232.91,5.2,5.0649999999999995,71.0,2.1023973414805956,False,2.87,Moderate,False
4449, BARU SAHIB,2012,Pond,ASSAM,16.01,6.06,7.06,227.31,2.74,5.345,182.0,1.2837575464464837,False,3.3,Excellent,False
4815,U/S CHAILLA,2009,River,ASSAM,21.1,5.48,7.69,167.8,4.26,11.83,67.5,1.9585501332655484,False,3.23,Excellent,False
6391, YASHWANT NAGAR- NEAR SHANI MANDIR,2008,Pond,ASSAM,16.83,6.43,7.48,172.96,3.93,7.82,67.0,1.3996734128948922,False,3.48,Excellent,False
4199, VILLAGE MARYOG,2006,Lake,ASSAM,19.44,6.36,7.19,224.42,3.18,7.8,91.0,1.028091546565853,False,3.41,Excellent,False
9724, U/S CCI MINES ,2008,River,ASSAM,22.96,6.61,7.58,179.76,5.0,6.57,109.5,1.7125341023719483,False,3.54,Excellent,False
7940,AUN,2012,Reservoir,ASSAM,14.77,5.36,6.9,195.48,2.48,6.0600000000000005,53.0,1.6164295015868317,False,3.07,Excellent,False
1236, SAINJ,2000,River,ASSAM,22.34,5.36,7.14,131.67,4.69,7.27,146.0,1.6446624103845524,False,3.08,Excellent,False
5707, SAINJ,2016,Pond,ASSAM,20.7,5.18,7.32,174.8,3.5,6.1,51.5,1.6396533682323966,False,3.08,Excellent,False
8384,"ION OF INDIA,  BANGRAN BRIDGE",2019,Lake,ASSAM,22.77,5.66,7.06,179.72,2.28,3.845,113.5,1.8573907280110962,False,3.2,Excellent,False
9944,ER SUPPLY INTAKE WELL ,2003,Pond,ASSAM,24.02,5.01,7.38,254.76,4.94,7.035,76.0,1.7995490920993789,False,3.02,Excellent,False
8791," AGASOD,  BINA",2018,River,ASSAM,24.72,6.56,6.62,245.95,4.6,8.415000000000001,228.0,1.88756361834221,False,3.34,Excellent,False
2886, M/S J.P. THERMAL POWER,2021,Reservoir,ASSAM,20.56,5.81,7.67,192.22,2.22,6.805,145.5,1.9446827339013637,False,3.37,Excellent,False
5943," CHARANTIRGH, VIDISHA",2017,Lake,ASSAM,18.18,6.74,7.23,209.86,4.1,8.835,77.0,1.2448476352577926,False,3.52,Excellent,False
4065, VIDISHA,2022,Lake,ASSAM,14.68,6.48,7.6,134.42,4.12,11.510000000000002,113.0,1.8130022419307676,False,3.51,Excellent,False
3093, U/S NEAR ROAD BRIDGE ORCHHA,2004,Lake,ASSAM,19.28,5.83,7.72,175.74,4.06,8.18,103.0,1.4730496221796707,False,3.35,Excellent,False
3295, KANJIA ROAD BRIDGE,2019,River,ASSAM,19.77,4.76,6.98,132.13,2.96,11.065,206.0,1.610599705543336,False,2.89,Moderate,False
7375, ANICUT OF M/S CFCL GADEPAN,2005,Reservoir,ASSAM,21.0,5.34,7.05,173.51,3.68,4.6000000000000005,246.0,1.3717080068091914,False,3.07,Excellent,False
4217, BAROD ROAD BRIDGE,2024,Reservoir,ASSAM,13.61,7.26,7.64,207.62,2.8,10.4,158.0,1.9650630081086817,False,3.78,Excellent,False
9942, TONK,2010,Lake,ASSAM,15.5,7.3,7.56,153.86,4.58,6.765,186.0,1.7987580467382205,False,3.75,Excellent,False
1119,JAIPUR,2022,Pond,ASSAM,18.34,4.54,7.38,185.95,3.66,6.335000000000001,97.0,1.7166093388001091,False,2.9,Moderate,False
4358," GANDHI SAGAR DAM, CHITTORGARH",2008,Lake,ASSAM,22.61,5.46,7.28,160.99,2.56,8.040000000000001,209.0,1.5206929910057803,False,3.17,Excellent,False
6288, TAL VILLAGE NEAR BRIDGE,2005,River,ASSAM,14.68,5.1,7.69,198.05,4.27,4.1850000000000005,135.5,1.6245830302940194,False,3.12,Excellent,False
1175, RANASTHALAM (M),2016,Reservoir,ASSAM,16.63,5.34,7.4,147.47,3.04,4.41,225.0,1.6687892938998854,False,3.15,Excellent,False
3241, PUSAPATIREGA (M),2017,Pond,ASSAM,24.54,5.68,7.7,181.1,4.09,7.744999999999999,182.5,1.5276541352013586,False,3.3,Excellent,False
6623,VISAKHAPATNAM,2014,River,ASSAM,21.73,6.48,6.8,223.54,3.19,10.495000000000001,158.5,1.3513425241032573,False,3.37,Excellent,False
9796,KAKINADA,2014,Reservoir,ASSAM,15.14,4.49,6.74,115.51,4.74,8.205,43.5,1.922294787639827,False,2.74,Moderate,False
2219, TIUNIKAKINADA,2008,Lake,ASSAM,20.01,6.62,7.11,227.12,4.76,5.585,184.0,1.2558636153751697,False,3.45,Excellent,False
9035, KAKINADA,2008,River,ASSAM,20.72,4.82,7.92,180.28,4.9,5.09,257.5,2.0868602597179113,False,3.07,Excellent,False
2218, NARSAPUR (M),2021,River,ASSAM,19.14,5.41,7.1,258.0,2.7,9.395,160.5,1.783278105695205,False,3.12,Excellent,False
6000,MACHILIPATNAM (V & M),2011,Pond,ASSAM,18.03,4.9,7.54,246.56,5.39,6.6450000000000005,133.5,2.0146332475500395,False,3.02,Excellent,False
2926, NIZAMPATNAM (V & M),2021,Lake,ASSAM,16.79,5.48,7.18,208.86,5.06,8.1,97.5,1.5968786479323314,False,3.12,Excellent,False
1668," BIT MESRA, RANCHI",2022,River,ASSAM,21.61,6.11,7.43,138.3,3.72,6.675000000000001,254.5,1.503309917800726,False,3.37,Excellent,False
3960, KANKE DAM,2023,Reservoir,ASSAM,15.07,5.22,7.46,198.7,4.16,5.6499999999999995,124.5,1.529903769292428,False,3.11,Excellent,False
3230, MASANJORE DAM,2020,Pond,ASSAM,21.61,6.91,6.6,238.57,3.58,10.825,169.5,1.9796352139729443,False,3.45,Excellent,False
4938, BOKARO,2019,Reservoir,ASSAM,20.72,6.52,7.4,168.66,3.79,5.37,67.5,1.3919321240130373,False,3.49,Excellent,False
7480, TENUGH DAM,2005,Pond,ASSAM,19.76,5.1,7.3,198.82,3.17,8.165,181.5,1.0763215723195212,False,3.05,Excellent,False
5238, NEAR TELMUCHO BRIDGE,2012,Pond,ASSAM,17.4,6.4,7.46,207.96,4.87,8.405000000000001,209.0,1.3661783466509114,False,3.46,Excellent,False
3704, ZARANGDIH BRIDGE,2004,Reservoir,ASSAM,15.52,5.54,7.66,219.8,4.08,8.015,256.5,1.534275073328146,False,3.24,Excellent,False
9772," BOLBA, JHARKHAND",2009,Lake,ASSAM,22.3,5.58,6.9,151.51,3.54,7.66,142.0,1.7315191910397514,False,3.11,Excellent,False
3643, MAITHAN DAM,2005,Pond,ANDHRA PRADESH,17.76,6.52,7.29,128.18,5.2,9.754999999999999,93.5,1.7839329462686184,False,3.46,Excellent,False
2638, BOKARO,2011,Pond,ANDHRA PRADESH,18.57,5.83,7.54,137.52,4.48,8.745,184.5,1.3499262176387463,False,3.3,Excellent,False
5908," NK AREA,  PO-DAKRA",2018,River,ANDHRA PRADESH,15.96,7.6,7.05,160.32,3.96,9.934999999999999,211.5,1.8078575559714118,False,3.74,Excellent,False
5217,NEAR TELMUCHO BRIDGE,2018,Lake,ANDHRA PRADESH,19.73,5.14,7.18,191.68,4.94,5.444999999999999,86.5,1.4597054958190552,False,3.02,Excellent,False
7495, TIUNI,2009,Reservoir,ANDHRA PRADESH,22.58,5.25,6.93,143.72,4.2,11.485000000000001,57.0,1.8016313129202377,False,3.01,Excellent,False
3717, HARIPUR (U.K.),2002,Lake,ANDHRA PRADESH,23.4,5.94,6.94,158.71,2.86,8.965,141.5,1.3466920140441905,False,3.24,Excellent,False
5389,D/S RAJGARH TOWN,2012,Lake,ANDHRA PRADESH,13.49,6.71,6.8,182.82,4.84,10.489999999999998,264.5,2.003426949270898,False,3.41,Excellent,False
2222, BARU SAHIB,2012,Reservoir,ANDHRA PRADESH,20.88,6.37,7.59,222.6,4.76,9.06,52.0,1.6319120793505417,False,3.47,Excellent,False
9057,U/S CHAILLA,2007,Pond,ANDHRA PRADESH,20.18,5.52,7.26,204.11,3.8,5.28,61.0,1.492568879477152,False,3.16,Excellent,False
4761, YASHWANT NAGAR- NEAR SHANI MANDIR,2016,Pond,ANDHRA PRADESH,15.39,6.28,7.18,200.89,2.36,9.735,52.0,1.757628435565077,False,3.41,Excellent,False
2523, VILLAGE MARYOG,2018,River,ANDHRA PRADESH,22.52,6.64,6.96,224.12,3.94,6.635000000000001,187.0,1.135624720479084,False,3.44,Excellent,False
8807, U/S CCI MINES ,2008,Reservoir,ANDHRA PRADESH,26.13,6.32,7.29,234.66,3.18,11.56,147.0,2.03757485314914,False,3.42,Excellent,False
4579,AUN,2011,Reservoir,GOA,26.22,7.28,7.27,212.1,4.92,3.6950000000000003,232.0,2.0663478090208014,False,3.68,Excellent,False
4917, SAINJ,2009,Reservoir,GOA,19.3,6.22,7.78,121.56,2.78,6.765000000000001,102.5,1.765094969118403,False,3.5,Excellent,False
8990, SAINJ,2024,River,GOA,20.94,7.63,6.68,249.14,3.54,7.225,156.0,1.8424677055109033,False,3.68,Excellent,False
2353,"ION OF INDIA,  BANGRAN BRIDGE",2010,Reservoir,GOA,20.84,7.65,7.19,212.31,3.2,6.525,56.5,1.8655411385372302,False,3.8,Excellent,False
5156,ER SUPPLY INTAKE WELL ,2014,River,GOA,13.76,6.68,7.6,234.77,2.8,9.905000000000001,44.0,1.915509584107487,False,3.6,Excellent,False
5853," AGASOD,  BINA",2022,Lake,GOA,14.68,6.14,6.96,218.94,4.3,5.24,89.0,1.6213860351971683,False,3.28,Excellent,False
4962, M/S J.P. THERMAL POWER,2024,Reservoir,ANDHRA PRADESH,24.36,6.96,7.38,192.43,5.0,8.32,263.0,1.6668845208798861,False,3.6,Excellent,False
9865," CHARANTIRGH, VIDISHA",2001,Pond,ANDHRA PRADESH,19.65,5.68,7.28,219.18,4.06,10.81,179.5,1.7683028003336196,False,3.21,Excellent,False
4033, VIDISHA,2016,Reservoir,ANDHRA PRADESH,21.94,7.06,6.56,231.48,2.66,8.195,247.0,2.0717068096036844,False,3.51,Excellent,False
4936, U/S NEAR ROAD BRIDGE ORCHHA,2004,Lake,ANDHRA PRADESH,17.54,7.28,7.14,117.34,4.86,10.190000000000001,61.5,1.8745757360291053,False,3.65,Excellent,False
2068, KANJIA ROAD BRIDGE,2001,Reservoir,ANDHRA PRADESH,18.84,5.74,7.48,168.3,2.68,9.245,205.0,1.4836727656316486,False,3.3,Excellent,False
7461, ANICUT OF M/S CFCL GADEPAN,2021,River,ANDHRA PRADESH,21.79,4.26,7.44,149.5,3.16,8.945,197.0,2.0511741176818576,False,2.83,Moderate,False
8541, BAROD ROAD BRIDGE,2023,Pond,DELHI,17.52,5.3,7.48,254.75,3.01,5.359999999999999,210.5,1.6986320495682847,False,3.15,Excellent,False
1459, TONK,2007,Lake,GOA,19.48,6.37,7.64,269.86,2.48,11.01,110.0,2.0914365588761603,False,3.52,Excellent,False
4434,JAIPUR,2000,Pond,GOA,17.08,6.17,6.8,134.16,3.84,9.235,197.5,1.6206535172191066,False,3.26,Excellent,False
6599," GANDHI SAGAR DAM, CHITTORGARH",2005,Lake,GOA,17.6,5.79,6.86,176.08,2.96,9.64,148.0,1.150990853296318,False,3.18,Excellent,False
6054, TAL VILLAGE NEAR BRIDGE,2018,Reservoir,GUJARAT,23.65,6.18,7.6,195.94,3.9,11.485,127.0,1.8016313129202368,False,3.43,Excellent,False
5959, RANASTHALAM (M),2021,River,GUJARAT,21.22,6.18,6.93,200.01,4.08,6.199999999999999,152.5,1.2559422661175121,False,3.29,Excellent,False
6131, PUSAPATIREGA (M),2013,Reservoir,GUJARAT,17.2,6.44,7.03,189.79,4.69,5.955,211.0,1.1417131886473677,False,3.38,Excellent,False
8979,VISAKHAPATNAM,2002,River,HIMACHAL PRADESH,18.55,5.4,7.08,169.74,3.46,9.825,146.0,1.4178697053404223,False,3.1,Excellent,False
4117,KAKINADA,2011,Lake,HIMACHAL PRADESH,23.57,6.35,7.88,158.82,3.32,4.404999999999999,252.0,1.9640981322102653,False,3.54,Excellent,False
6778, TIUNIKAKINADA,2020,Pond,HIMACHAL PRADESH,18.77,6.62,7.18,223.88,4.56,7.654999999999999,179.5,1.118961514530054,False,3.47,Excellent,False
6416, KAKINADA,2014,Lake,HIMACHAL PRADESH,22.32,6.19,7.53,120.52,4.39,4.39,104.5,1.7918800498590266,False,3.41,Excellent,False
4014, NARSAPUR (M),2009,River,HIMACHAL PRADESH,18.44,6.65,7.3,168.84,2.7,6.995,153.0,1.3336386926694936,False,3.53,Excellent,False
9472,MACHILIPATNAM (V & M),2005,Reservoir,HIMACHAL PRADESH,22.13,7.21,6.84,192.08,3.87,6.94,144.5,1.6128623868659826,False,3.58,Excellent,False
6563, NIZAMPATNAM (V & M),2017,River,HIMACHAL PRADESH,18.18,5.62,7.56,147.52,3.25,8.205,147.0,1.0898768900598816,False,3.26,Excellent,False
2620," BIT MESRA, RANCHI",2000,Lake,HIMACHAL PRADESH,21.21,5.86,6.85,240.94,4.93,9.635,272.5,1.7819963175475055,False,3.17,Excellent,False
9560, KANKE DAM,2001,Lake,HIMACHAL PRADESH,19.97,5.28,7.35,133.99,3.59,4.255,253.5,1.6476683827569547,False,3.11,Excellent,False
5780, MASANJORE DAM,2016,Lake,HIMACHAL PRADESH,16.52,5.12,7.6,217.78,3.66,3.415,253.5,1.8689045716787842,False,3.11,Excellent,False
7747, BOKARO,2018,Pond,HIMACHAL PRADESH,19.63,7.46,7.28,213.74,4.53,7.49,81.0,1.646343524787121,False,3.74,Excellent,False
4738, TENUGH DAM,2017,Pond,PUNJAB,16.5,5.68,7.26,190.34,4.16,5.680000000000001,132.0,1.0395329275702323,False,3.21,Excellent,False
4208, NEAR TELMUCHO BRIDGE,2019,Pond,PUNJAB,23.42,6.97,7.2,187.44,3.5,7.51,205.0,1.172787679450865,False,3.59,Excellent,False
1918, ZARANGDIH BRIDGE,2006,Reservoir,ANDHRA PRADESH,19.84,5.79,6.95,129.83,3.35,9.26,235.5,1.5499041505468925,False,3.19,Excellent,False
6291," BOLBA, JHARKHAND",2013,Lake,ANDHRA PRADESH,15.44,5.8,7.56,179.92,4.53,7.485,180.5,1.3784144078364693,False,3.3,Excellent,False
1186, MAITHAN DAM,2004,River,HARYANA,20.78,5.3,6.86,196.42,4.12,7.05,72.0,1.664438544413514,False,3.01,Excellent,False
3210, BOKARO,2010,Lake,HARYANA,17.78,5.99,7.18,246.74,2.93,10.73,190.0,1.4904625628414037,False,3.3,Excellent,False
3786," NK AREA,  PO-DAKRA",2019,Pond,HIMACHAL PRADESH,23.1,6.92,7.34,188.5,3.8,4.66,147.5,1.3026323069544,False,3.6,Excellent,False
5815,NEAR TELMUCHO BRIDGE,2002,Reservoir,HIMACHAL PRADESH,21.9,6.98,7.46,214.83,2.21,6.3149999999999995,88.5,1.95091787717924,False,3.68,Excellent,False
3919, TIUNI,2019,River,HIMACHAL PRADESH,19.48,6.22,7.14,240.91,2.7,9.785,263.0,1.6349118287922608,False,3.37,Excellent,False
4786, HARIPUR (U.K.),2013,Pond,HIMACHAL PRADESH,20.92,5.0,7.58,141.85,5.4,8.24,158.0,2.0333386773836675,False,3.05,Excellent,False
9023,D/S RAJGARH TOWN,2014,Pond,HIMACHAL PRADESH,15.59,7.46,7.54,222.65,3.36,8.385,132.0,1.6405751665305381,False,3.8,Excellent,False
7647, BARU SAHIB,2004,Lake,HIMACHAL PRADESH,21.7,7.47,7.2,200.12,3.36,6.945,241.0,1.6578802413002844,False,3.74,Excellent,False
5357,U/S CHAILLA,2010,Reservoir,HIMACHAL PRADESH,17.13,6.26,7.08,232.91,4.72,7.905,95.0,1.1853591915925004,False,3.34,Excellent,False
3972, YASHWANT NAGAR- NEAR SHANI MANDIR,2002,River,HIMACHAL PRADESH,18.44,5.51,7.39,184.93,4.49,5.3,37.0,1.8641507458061912,False,3.18,Excellent,False
6859, VILLAGE MARYOG,2004,Reservoir,HIMACHAL PRADESH,19.64,4.89,6.79,142.16,3.04,7.930000000000001,138.0,1.3811698423731624,False,2.89,Moderate,False
7958, U/S CCI MINES ,2021,Lake,HIMACHAL PRADESH,20.26,6.83,7.03,184.14,3.2,9.62,186.0,1.2559422661175121,False,3.52,Excellent,False
6421,AUN,2017,Lake,HIMACHAL PRADESH,17.38,6.4,7.24,221.76,2.3,6.17,185.5,1.8449204414553442,False,3.46,Excellent,False
5391, SAINJ,2017,Pond,HIMACHAL PRADESH,20.17,4.38,7.28,250.11,4.94,6.235,75.5,1.9069651612673109,False,2.81,Moderate,False
1845, SAINJ,2011,Pond,HIMACHAL PRADESH,26.18,5.95,7.71,202.71,3.0,9.73,165.0,2.053559828633397,False,3.4,Excellent,False
6984,"ION OF INDIA,  BANGRAN BRIDGE",2002,Reservoir,HIMACHAL PRADESH,23.65,5.3,7.14,247.7,4.27,9.89,225.0,1.515427298288974,False,3.07,Excellent,False
5553,ER SUPPLY INTAKE WELL ,2001,River,HIMACHAL PRADESH,24.7,5.69,7.02,104.45,3.4,8.65,229.5,2.2099093439420514,False,3.17,Excellent,False
2931," AGASOD,  BINA",2013,River,HIMACHAL PRADESH,17.24,6.31,7.12,182.54,4.61,9.085,186.5,1.0419508962013482,False,3.36,Excellent,False
6920, M/S J.P. THERMAL POWER,2012,River,HIMACHAL PRADESH,19.84,5.82,7.46,239.82,4.39,3.775,252.5,1.7051631939271552,False,3.29,Excellent,False
1693," CHARANTIRGH, VIDISHA",2007,Pond,HIMACHAL PRADESH,17.53,6.6,7.12,217.93,3.77,7.78,210.0,1.4639085453598446,False,3.46,Excellent,False
5361, VIDISHA,2021,Lake,HIMACHAL PRADESH,17.98,6.03,6.92,265.63,3.11,9.68,97.5,1.9815657179740893,False,3.26,Excellent,False
9211, U/S NEAR ROAD BRIDGE ORCHHA,2017,Lake,HIMACHAL PRADESH,19.71,5.09,6.82,136.83,4.01,10.07,32.0,1.941563634624741,False,2.95,Moderate,False
1286, KANJIA ROAD BRIDGE,2002,River,HIMACHAL PRADESH,15.81,5.9,6.8,151.82,4.81,4.785,168.0,1.624886276355591,False,3.17,Excellent,False
9436, ANICUT OF M/S CFCL GADEPAN,2006,River,HIMACHAL PRADESH,18.27,7.2,6.76,183.93,3.46,7.715,160.5,1.5986235703651301,False,3.57,Excellent,False
1091, BAROD ROAD BRIDGE,2017,River,HIMACHAL PRADESH,14.58,5.97,7.1,246.77,4.84,10.565,143.5,1.7020131990685408,False,3.25,Excellent,False
8013, TONK,2001,Reservoir,HIMACHAL PRADESH,26.78,5.56,7.23,219.1,2.54,4.1,232.0,2.2453795344444747,False,3.2,Excellent,False
7621,JAIPUR,2000,River,HIMACHAL PRADESH,14.04,5.26,6.97,257.54,4.11,9.22,258.5,1.829190716492502,False,3.02,Excellent,False
9122," GANDHI SAGAR DAM, CHITTORGARH",2001,Lake,HIMACHAL PRADESH,20.34,4.46,6.7,228.27,3.44,11.670000000000002,116.0,1.8857761875981585,False,2.74,Moderate,False
5239, TAL VILLAGE NEAR BRIDGE,2009,River,HIMACHAL PRADESH,18.59,5.1,7.66,236.22,3.45,11.445,238.5,1.7834378265033894,False,3.12,Excellent,False
6018, RANASTHALAM (M),2004,River,MAHARASHTRA,20.7,6.06,7.53,192.92,3.78,6.07,204.5,1.0727305108692744,False,3.38,Excellent,False
9872, PUSAPATIREGA (M),2009,Lake,MAHARASHTRA,16.32,7.76,6.97,212.64,5.06,8.295,92.5,1.986676661925451,False,3.76,Excellent,False
2420,VISAKHAPATNAM,2015,Pond,MAHARASHTRA,19.71,5.59,7.21,143.71,2.58,6.275,153.0,1.4832821313385232,False,3.2,Excellent,False
1084,KAKINADA,2005,River,ODISHA,23.22,6.46,7.56,134.84,3.0,6.83,164.0,1.7047818578325953,False,3.52,Excellent,False
1789, TIUNIKAKINADA,2017,Reservoir,TAMIL NADU,19.98,7.72,6.74,146.29,4.51,8.065000000000001,156.0,1.940529795872795,False,3.71,Excellent,False
4518, KAKINADA,2009,Reservoir,TELANGANA,22.44,6.48,7.47,209.99,4.63,11.040000000000001,227.5,1.599228776532807,False,3.48,Excellent,False
6692, NARSAPUR (M),2020,Reservoir,TELANGANA,17.3,6.44,6.86,184.08,4.38,3.475,172.0,1.841614342053513,False,3.35,Excellent,False
4996,MACHILIPATNAM (V & M),2003,Reservoir,TELANGANA,16.24,5.28,6.72,155.68,4.36,8.655,90.5,1.5806582995730898,False,2.98,Moderate,False
4577, NIZAMPATNAM (V & M),2020,Pond,UTTAR PRADESH,26.76,5.79,6.93,195.48,3.46,7.2700000000000005,164.5,2.238985544250771,False,3.18,Excellent,False
8905," BIT MESRA, RANCHI",2005,River,JHARKHAND,19.56,6.24,7.67,169.87,2.88,6.87,150.5,1.3886010269775593,False,3.48,Excellent,False
1121, KANKE DAM,2002,Reservoir,JHARKHAND,20.88,4.91,7.5,179.19,3.12,10.23,169.5,1.6901475186511639,False,3.04,Excellent,False
9785, MASANJORE DAM,2011,Lake,HIMACHAL PRADESH,17.68,7.02,6.9,194.88,5.07,5.275,179.5,1.7366609858872815,False,3.53,Excellent,False
5487, BOKARO,2001,Reservoir,UTTARAKHAND,20.21,4.5,6.82,229.99,2.59,6.86,201.0,1.768524563109346,False,2.79,Moderate,False
3059, TENUGH DAM,2010,Reservoir,HIMACHAL PRADESH,19.66,5.88,7.35,174.48,3.13,5.23,249.5,1.4258970289821764,False,3.3,Excellent,False
1609, NEAR TELMUCHO BRIDGE,2023,Reservoir,HIMACHAL PRADESH,23.74,6.57,7.08,165.1,4.43,11.465,181.0,1.7925345697118131,False,3.43,Excellent,False
6802, ZARANGDIH BRIDGE,2009,Reservoir,HIMACHAL PRADESH,15.99,6.4,6.9,137.76,3.9,8.455,184.5,1.3436850337768533,False,3.35,Excellent,False
1886," BOLBA, JHARKHAND",2007,River,HIMACHAL PRADESH,24.99,4.77,7.04,209.28,4.46,3.7350000000000003,253.5,1.7233566803440026,False,2.88,Moderate,False
5557, MAITHAN DAM,2001,Lake,HIMACHAL PRADESH,14.99,6.26,7.29,136.93,2.92,11.370000000000001,230.0,1.7493250394718005,False,3.41,Excellent,False
4322, BOKARO,2023,River,HIMACHAL PRADESH,14.32,7.18,8.0,131.71,4.07,6.495,60.0,2.3170392487947526,False,3.81,Excellent,False
4350," NK AREA,  PO-DAKRA",2008,Reservoir,HIMACHAL PRADESH,20.56,4.7,6.54,169.13,3.08,11.55,262.5,2.1637784052344187,False,2.78,Moderate,False
4514,NEAR TELMUCHO BRIDGE,2020,River,HIMACHAL PRADESH,19.07,5.58,6.99,242.15,3.21,4.75,215.0,1.3709698968189155,False,3.14,Excellent,False
4373, TIUNI,2011,Pond,HIMACHAL PRADESH,25.38,6.38,7.23,195.5,5.3,5.265,73.0,1.8961655252703904,False,3.4,Excellent,False
5801, HARIPUR (U.K.),2024,Pond,HIMACHAL PRADESH,16.16,7.69,6.62,226.0,2.98,5.385,223.0,1.9182541502191215,False,3.7,Excellent,False
9632,D/S RAJGARH TOWN,2021,Reservoir,MADHYA PRADESH,18.82,6.92,7.36,227.64,2.68,10.899999999999999,130.0,1.6761460157586592,False,3.62,Excellent,False
6734, BARU SAHIB,2010,River,MADHYA PRADESH,21.42,5.93,7.51,133.94,3.46,5.835,142.5,1.4431539015757686,False,3.34,Excellent,False
1209,U/S CHAILLA,2018,Pond,MADHYA PRADESH,25.56,4.99,7.78,247.86,4.34,9.435,146.0,1.8537476350801907,False,3.1,Excellent,False
4887, YASHWANT NAGAR- NEAR SHANI MANDIR,2000,Reservoir,MADHYA PRADESH,22.2,6.74,7.38,194.2,2.91,5.965,263.5,1.642653117674116,False,3.57,Excellent,False
7920, VILLAGE MARYOG,2015,Lake,MADHYA PRADESH,18.67,5.64,6.82,157.54,3.3,7.279999999999999,215.5,1.2890982467424226,False,3.12,Excellent,False
6869, U/S CCI MINES ,2018,Pond,MADHYA PRADESH,16.79,4.82,7.62,226.51,2.64,7.36,39.0,1.8331855902787713,False,3.05,Excellent,False
6795,AUN,2008,Lake,MADHYA PRADESH,20.52,4.77,6.99,214.63,4.1,9.68,103.5,1.4570332172539255,False,2.88,Moderate,False
7832, SAINJ,2024,River,RAJASTHAN,17.42,5.58,7.1,159.65,5.42,4.96,234.5,2.058279250495172,False,3.13,Excellent,False
5143, SAINJ,2008,River,RAJASTHAN,20.28,6.14,6.98,237.01,2.85,8.105,85.0,1.2373045424433786,False,3.31,Excellent,False
4639,"ION OF INDIA,  BANGRAN BRIDGE",2010,River,RAJASTHAN,19.8,5.92,6.96,195.0,4.3,9.32,88.0,1.074539279856983,False,3.22,Excellent,False
7593,ER SUPPLY INTAKE WELL ,2013,Reservoir,RAJASTHAN,16.48,4.96,7.25,181.42,3.58,5.489999999999999,238.0,1.2478473846995117,False,2.99,Moderate,False
8002," AGASOD,  BINA",2001,Pond,RAJASTHAN,23.22,6.03,7.74,201.26,3.76,5.33,156.5,1.5344306859334935,False,3.41,Excellent,False
6370, M/S J.P. THERMAL POWER,2003,River,MADHYA PRADESH,23.68,7.06,7.67,216.02,3.4,7.665,226.5,1.3195969627951079,False,3.71,Excellent,False
8596," CHARANTIRGH, VIDISHA",2015,River,ANDHRA PRADESH,23.08,6.12,7.4,109.5,4.06,9.58,116.0,2.0785844335147248,False,3.37,Excellent,False
4658, VIDISHA,2018,Pond,ANDHRA PRADESH,17.68,7.2,7.17,125.52,4.69,10.549999999999999,94.5,1.661855386069594,False,3.64,Excellent,False
4196, U/S NEAR ROAD BRIDGE ORCHHA,2016,Reservoir,ANDHRA PRADESH,20.72,6.15,7.61,183.72,4.13,5.71,157.5,1.1354537715336335,False,3.42,Excellent,False
3773, KANJIA ROAD BRIDGE,2024,River,ANDHRA PRADESH,15.06,7.02,6.89,193.55,3.28,6.46,258.0,1.6668845208798861,False,3.54,Excellent,False
8829, ANICUT OF M/S CFCL GADEPAN,2022,Pond,ANDHRA PRADESH,19.62,6.78,7.24,226.65,3.57,6.5200000000000005,137.0,1.39292301770497,False,3.54,Excellent,False
7791, BAROD ROAD BRIDGE,2011,Pond,ANDHRA PRADESH,20.97,6.7,6.68,141.98,4.7,3.66,128.0,1.7574694673755922,False,3.39,Excellent,False
7425, TONK,2022,Lake,ANDHRA PRADESH,18.2,5.26,7.61,233.18,2.86,8.795,99.5,1.39292301770497,False,3.17,Excellent,False
1758,JAIPUR,2002,Reservoir,ANDHRA PRADESH,19.94,7.11,7.38,132.8,3.88,6.27,214.5,1.472799524919759,False,3.66,Excellent,False
3004," GANDHI SAGAR DAM, CHITTORGARH",2001,River,ANDHRA PRADESH,24.12,6.09,7.76,208.35,3.6,6.8149999999999995,182.0,1.6111570156257722,False,3.44,Excellent,False
3067, TAL VILLAGE NEAR BRIDGE,2023,Pond,ANDHRA PRADESH,20.42,6.41,7.12,162.4,2.5,12.32,208.5,2.1814203418719327,False,3.43,Excellent,False
2353, RANASTHALAM (M),2019,River,ANDHRA PRADESH,18.54,6.38,6.94,201.3,4.51,5.265000000000001,181.5,1.202863576177553,False,3.35,Excellent,False
8663, PUSAPATIREGA (M),2018,River,ANDHRA PRADESH,17.17,6.45,7.47,223.81,4.19,11.0,159.0,1.5810352901159588,False,3.48,Excellent,False
9916,VISAKHAPATNAM,2001,Lake,GOA,22.86,6.52,7.56,196.06,4.62,5.515,51.0,1.7884744570431605,False,3.51,Excellent,False
7405,KAKINADA,2019,River,GOA,23.56,5.3,7.8,250.36,4.03,8.809999999999999,223.0,1.7032286112565094,False,3.2,Excellent,False
3505, TIUNIKAKINADA,2015,River,GOA,17.0,5.46,6.96,187.0,2.66,7.0200000000000005,208.5,1.3959901254482556,False,3.11,Excellent,False
3004, KAKINADA,2010,River,GOA,15.9,6.36,7.74,188.76,3.36,10.350000000000001,75.0,1.5190854199950379,False,3.52,Excellent,False
2565, NARSAPUR (M),2020,Reservoir,ANDHRA PRADESH,15.96,7.04,7.26,153.76,3.8,3.055,192.5,2.0326459494304134,False,3.62,Excellent,False
7063,MACHILIPATNAM (V & M),2022,River,ANDHRA PRADESH,19.57,4.64,6.84,122.14,2.93,7.095,57.0,1.750012108118829,False,2.83,Moderate,False
5968, NIZAMPATNAM (V & M),2012,River,ANDHRA PRADESH,13.38,5.64,7.07,150.3,4.47,4.279999999999999,159.0,2.038593895336262,False,3.15,Excellent,False
1529," BIT MESRA, RANCHI",2021,Lake,ANDHRA PRADESH,20.94,7.45,6.97,216.41,4.38,4.795,172.0,1.6348068082739564,False,3.68,Excellent,False
7503, KANKE DAM,2023,Lake,ANDHRA PRADESH,19.96,6.52,7.42,211.85,2.36,4.545,238.0,1.7700987221208293,False,3.52,Excellent,False
4847, MASANJORE DAM,2009,River,DELHI,23.0,6.51,7.0,224.56,3.06,11.190000000000001,138.0,1.667454350595986,False,3.42,Excellent,False
5068, BOKARO,2008,Lake,DELHI,21.2,5.38,7.0,151.96,3.02,7.505,234.5,1.193658362526527,False,3.08,Excellent,False
6998, TENUGH DAM,2023,Reservoir,GOA,18.7,6.78,7.21,225.7,2.76,7.77,181.0,1.529903769292428,False,3.55,Excellent,False
2689, NEAR TELMUCHO BRIDGE,2016,Lake,GOA,19.33,6.84,7.35,131.59,3.32,3.4949999999999997,247.5,1.8325175988450892,False,3.58,Excellent,False
4007, ZARANGDIH BRIDGE,2019,Reservoir,GOA,18.46,5.64,7.2,125.66,3.71,7.8149999999999995,42.0,1.7867378569876413,False,3.19,Excellent,False
1758," BOLBA, JHARKHAND",2013,Lake,GUJARAT,22.06,7.14,7.24,178.7,4.39,8.68,77.5,1.4381995711221947,False,3.64,Excellent,False
9801, MAITHAN DAM,2007,Reservoir,ASSAM,21.2,4.67,7.52,178.05,3.3,8.76,211.5,1.742989348776549,False,2.97,Moderate,False
9790, BOKARO,2001,Lake,ASSAM,20.06,6.02,7.76,167.24,3.7,9.809999999999999,98.0,1.7386385992901776,False,3.42,Excellent,False
8799," NK AREA,  PO-DAKRA",2005,Reservoir,ASSAM,14.22,7.56,7.68,189.39,3.38,7.035,206.0,1.7700463072007535,False,3.87,Excellent,False
3932,NEAR TELMUCHO BRIDGE,2007,Reservoir,ASSAM,19.6,5.03,6.74,166.84,2.51,7.91,66.0,1.5705741372287905,False,2.94,Moderate,False
3969, TIUNI,2005,River,ASSAM,18.74,5.13,7.13,239.36,4.4,9.795,75.0,1.2984161344244123,False,3.01,Excellent,False
5792, HARIPUR (U.K.),2001,Reservoir,ASSAM,22.67,6.78,6.61,216.78,4.6,4.19,177.5,1.9335994161575798,False,3.4,Excellent,False
1984,D/S RAJGARH TOWN,2021,Lake,ASSAM,24.72,6.88,7.53,192.76,3.8,10.365,250.0,1.5867985444931072,False,3.62,Excellent,False
1020, BARU SAHIB,2017,Pond,ASSAM,17.92,4.6,7.54,202.74,2.24,5.960000000000001,62.0,1.9135070175119822,False,2.98,Moderate,False
9014,U/S CHAILLA,2016,River,ASSAM,18.05,7.7,6.66,212.26,2.54,10.174999999999999,137.5,1.9289930793596315,False,3.72,Excellent,False
1309, YASHWANT NAGAR- NEAR SHANI MANDIR,2014,River,ASSAM,23.71,6.72,7.04,259.14,4.35,7.114999999999999,99.0,1.8127937043754059,False,3.47,Excellent,False
2237, VILLAGE MARYOG,2006,Reservoir,ASSAM,15.68,6.15,7.22,131.86,2.7,4.025,90.0,1.591453903821857,False,3.37,Excellent,False
2392, U/S CCI MINES ,2008,Reservoir,ASSAM,25.04,6.45,7.18,202.04,3.95,4.665000000000001,91.5,1.6891023875923488,False,3.42,Excellent,False
1179,AUN,2002,Pond,ASSAM,25.06,6.23,6.98,142.25,4.73,5.715,62.5,1.6954963777860523,False,3.31,Excellent,False
4141, SAINJ,2004,Pond,ASSAM,16.77,6.58,7.34,188.98,3.85,9.94,222.5,1.0989079000694948,False,3.49,Excellent,False
2005, SAINJ,2000,River,ASSAM,16.42,6.6,6.89,179.1,4.6,7.605,227.5,1.6206535172191066,False,3.4,Excellent,False
8497,"ION OF INDIA,  BANGRAN BRIDGE",2018,River,ASSAM,17.34,7.66,7.32,178.65,3.8,6.855,221.0,1.871309496793813,False,3.81,Excellent,False
5226,ER SUPPLY INTAKE WELL ,2015,Lake,ASSAM,17.48,4.96,7.49,170.62,3.92,3.795,220.0,1.6960664507187313,False,3.04,Excellent,False
6132," AGASOD,  BINA",2002,Reservoir,ASSAM,22.62,6.04,7.56,170.29,4.64,4.805,136.0,1.3466920140441905,False,3.37,Excellent,False
9788, M/S J.P. THERMAL POWER,2016,Pond,ASSAM,20.18,5.78,6.99,196.74,4.56,7.085,241.5,1.737847553929019,False,3.18,Excellent,False
1049," CHARANTIRGH, VIDISHA",2012,Lake,ASSAM,14.04,6.84,7.07,168.48,3.02,4.085,242.5,1.8275922189440768,False,3.53,Excellent,False
5385, VIDISHA,2003,River,ASSAM,15.32,6.84,7.57,128.41,3.28,9.375,239.5,1.5868311550630916,False,3.63,Excellent,False
8772, U/S NEAR ROAD BRIDGE ORCHHA,2022,Reservoir,ASSAM,21.76,5.24,7.52,241.43,4.08,5.16,234.0,1.39292301770497,False,3.13,Excellent,False
8942, KANJIA ROAD BRIDGE,2022,Reservoir,ASSAM,22.8,5.16,6.76,203.18,4.56,8.995,261.0,1.6039466732648409,False,2.95,Moderate,False
7964, ANICUT OF M/S CFCL GADEPAN,2005,Pond,ASSAM,15.69,4.18,6.92,220.12,4.46,8.955,153.5,2.1434678497871675,False,2.68,Moderate,False
2159, BAROD ROAD BRIDGE,2001,Pond,ASSAM,22.68,5.58,7.21,160.26,3.7,6.495,166.5,1.4836727656316486,False,3.17,Excellent,False
9643, TONK,2016,Reservoir,ASSAM,17.34,4.98,7.3,149.88,3.89,8.855,125.5,1.6804967652450307,False,3.01,Excellent,False
7925,JAIPUR,2002,Lake,ASSAM,19.06,6.08,7.65,199.42,4.65,8.94,211.5,1.3466920140441905,False,3.4,Excellent,False
3887," GANDHI SAGAR DAM, CHITTORGARH",2007,Lake,ASSAM,19.84,7.19,7.14,179.32,5.03,3.745,167.5,1.7188083087397907,False,3.63,Excellent,False
1120, TAL VILLAGE NEAR BRIDGE,2017,River,ASSAM,20.67,4.43,7.22,241.73,5.18,6.805000000000001,202.0,1.8492815787014925,False,2.81,Moderate,False
2901, RANASTHALAM (M),2011,Lake,ASSAM,19.96,6.22,7.78,225.6,4.82,8.93,54.5,1.6725380793795979,False,3.47,Excellent,False
3031, PUSAPATIREGA (M),2017,Lake,ASSAM,18.44,6.89,7.42,242.91,4.27,6.66,91.0,1.3907336457149089,False,3.6,Excellent,False
4530,VISAKHAPATNAM,2002,Lake,ASSAM,21.97,5.24,6.82,246.94,4.87,8.765,234.0,1.4956635493929806,False,2.98,Moderate,False
3605,KAKINADA,2023,River,ASSAM,22.32,6.6,6.74,244.85,2.68,6.91,48.5,1.6861011015235265,False,3.41,Excellent,False
5043, TIUNIKAKINADA,2003,Pond,ASSAM,18.4,7.42,7.64,137.76,3.11,6.91,158.5,1.6059650169910467,False,3.82,Excellent,False
3855, KAKINADA,2004,Pond,ASSAM,23.56,7.4,7.06,179.0,2.94,6.72,267.5,1.7045834287289556,False,3.7,Excellent,False
6049, NARSAPUR (M),2013,Reservoir,ASSAM,17.79,5.14,7.58,186.2,4.36,8.435,240.0,1.2788125402269317,False,3.11,Excellent,False
2370,MACHILIPATNAM (V & M),2008,Lake,ASSAM,25.84,5.78,7.34,188.15,2.93,6.58,161.0,1.9448619953404527,False,3.27,Excellent,False
1382, NIZAMPATNAM (V & M),2005,Pond,ASSAM,23.58,4.77,7.4,112.42,3.9,4.43,232.5,2.0027800545254855,False,2.96,Moderate,False
7509," BIT MESRA, RANCHI",2016,Pond,ASSAM,17.2,5.32,7.1,127.24,3.8,6.7,139.5,1.617126901726029,False,3.07,Excellent,False
9577, KANKE DAM,2023,River,ASSAM,23.84,5.45,6.99,179.36,3.62,10.5,146.0,1.6543922683268015,False,3.09,Excellent,False
5930, MASANJORE DAM,2023,River,ASSAM,18.55,6.06,7.59,270.98,2.29,11.43,236.5,2.1206921082287824,False,3.42,Excellent,False
8674, BOKARO,2009,River,ASSAM,18.34,7.28,7.2,181.62,4.94,10.129999999999999,177.5,1.4597054958190552,False,3.67,Excellent,False
6564, TENUGH DAM,2006,Pond,ASSAM,20.14,7.66,7.31,134.68,2.42,7.57,222.0,1.8828462133069765,False,3.85,Excellent,False
2353, NEAR TELMUCHO BRIDGE,2020,Lake,ASSAM,16.18,5.92,7.54,178.36,3.09,9.095,198.5,1.202863576177553,False,3.35,Excellent,False
3135, ZARANGDIH BRIDGE,2014,Lake,ASSAM,23.05,6.28,7.14,139.62,3.94,8.444999999999999,184.0,1.2951858341833948,False,3.36,Excellent,False
8341," BOLBA, JHARKHAND",2023,Reservoir,ASSAM,24.17,5.68,7.74,201.74,3.87,5.85,246.5,1.529903769292428,False,3.3,Excellent,False
8616, MAITHAN DAM,2002,Lake,ANDHRA PRADESH,17.02,6.88,7.28,255.54,2.72,4.220000000000001,246.0,1.719305971110804,False,3.6,Excellent,False
9718, BOKARO,2003,Lake,ANDHRA PRADESH,19.92,5.39,7.14,165.24,3.54,6.11,192.0,1.710160966288473,False,3.1,Excellent,False
6421," NK AREA,  PO-DAKRA",2012,Pond,ANDHRA PRADESH,16.8,7.4,7.4,166.2,4.5,5.239999999999999,185.5,1.5828915839647186,False,3.75,Excellent,False
8137,NEAR TELMUCHO BRIDGE,2011,Pond,ANDHRA PRADESH,13.74,5.98,7.39,226.11,3.68,7.68,173.5,1.9219035743011894,False,3.33,Excellent,False
2849, TIUNI,2003,River,ANDHRA PRADESH,25.88,4.59,7.19,222.0,4.54,4.95,160.0,1.9560514781794323,False,2.86,Moderate,False
8641, HARIPUR (U.K.),2004,Reservoir,ANDHRA PRADESH,23.79,6.72,7.18,228.9,4.44,11.51,109.5,1.8130022419307668,False,3.5,Excellent,False
6990,D/S RAJGARH TOWN,2003,Pond,ANDHRA PRADESH,21.08,7.64,7.94,159.81,3.56,6.935,92.5,2.1635865894101927,False,3.94,Excellent,False
3641, BARU SAHIB,2023,River,ANDHRA PRADESH,17.67,6.2,7.8,195.8,4.21,3.9699999999999998,244.5,1.7339191431334209,False,3.47,Excellent,False
4962,U/S CHAILLA,2011,River,ANDHRA PRADESH,18.25,6.12,7.48,116.24,3.5,10.62,71.5,1.90331118672657,False,3.39,Excellent,False
1566, YASHWANT NAGAR- NEAR SHANI MANDIR,2007,River,ANDHRA PRADESH,18.57,5.15,6.9,179.13,2.66,8.735,61.5,1.5141399257934067,False,3.0,Excellent,False
9859, VILLAGE MARYOG,2024,Pond,ANDHRA PRADESH,16.03,6.42,7.27,229.2,3.82,11.879999999999999,223.5,1.9812919912866076,False,3.44,Excellent,False
9369, U/S CCI MINES ,2015,Reservoir,ANDHRA PRADESH,18.58,7.69,7.35,179.31,5.12,4.95,182.5,1.9116880045898852,False,3.82,Excellent,False
8101,AUN,2014,Reservoir,GOA,19.92,6.1,6.86,206.35,3.8,9.7,261.5,1.611687962146696,False,3.25,Excellent,False
1151, SAINJ,2000,River,GOA,19.41,5.97,7.65,149.33,4.24,8.385,202.5,1.678281838233787,False,3.37,Excellent,False
6098, SAINJ,2000,River,GOA,17.7,4.7,7.39,187.91,3.89,8.780000000000001,193.5,1.6206535172191066,False,2.94,Moderate,False
5525,"ION OF INDIA,  BANGRAN BRIDGE",2002,Lake,GOA,24.96,5.87,6.8,196.97,3.7,6.47,52.5,1.663526426817539,False,3.18,Excellent,False
4727,ER SUPPLY INTAKE WELL ,2021,Lake,GOA,14.02,5.52,6.94,203.64,3.79,3.52,138.5,1.8355847066862045,False,3.1,Excellent,False
8057," AGASOD,  BINA",2009,Reservoir,GOA,23.18,5.69,7.12,210.18,4.38,6.21,91.5,1.0960597971264332,False,3.18,Excellent,False
3977, M/S J.P. THERMAL POWER,2004,River,ANDHRA PRADESH,20.11,6.62,6.9,222.4,3.44,8.94,185.5,1.0727305108692744,False,3.43,Excellent,False
3564," CHARANTIRGH, VIDISHA",2016,Pond,ANDHRA PRADESH,16.43,5.91,7.43,245.78,4.4,4.33,202.0,1.4652377780662538,False,3.31,Excellent,False
6045, VIDISHA,2007,Pond,ANDHRA PRADESH,16.74,6.64,6.96,244.74,4.79,10.6,109.5,1.4383226726618414,False,3.43,Excellent,False
4009, U/S NEAR ROAD BRIDGE ORCHHA,2019,River,ANDHRA PRADESH,18.91,4.91,6.92,173.24,2.6,10.71,69.0,1.4645767015048943,False,2.94,Moderate,False
4094, KANJIA ROAD BRIDGE,2022,Pond,ANDHRA PRADESH,22.28,6.86,7.24,179.48,4.01,5.0649999999999995,212.0,1.39292301770497,False,3.55,Excellent,False
4330, ANICUT OF M/S CFCL GADEPAN,2002,Lake,ANDHRA PRADESH,15.44,7.2,7.62,148.7,2.86,7.569999999999999,200.5,1.3800129053848946,False,3.75,Excellent,False
5676, BAROD ROAD BRIDGE,2000,Lake,DELHI,20.96,6.98,7.0,250.14,3.28,4.395,36.0,1.8796333235699012,False,3.56,Excellent,False
4303, TONK,2006,River,GOA,24.51,6.76,7.05,224.29,4.63,7.864999999999999,159.0,1.5196616474592297,False,3.48,Excellent,False
9935,JAIPUR,2019,Reservoir,GOA,21.22,6.6,7.8,200.73,2.96,5.12,137.0,1.7959893879741657,False,3.61,Excellent,False
3639," GANDHI SAGAR DAM, CHITTORGARH",2005,River,GOA,24.18,5.2,7.02,226.44,5.3,6.515,72.0,1.9024006685482664,False,3.0,Excellent,False
1715, TAL VILLAGE NEAR BRIDGE,2017,Reservoir,GUJARAT,13.56,5.25,7.04,163.35,5.09,10.5,63.5,1.981047983592939,False,3.02,Excellent,False
7975, RANASTHALAM (M),2024,River,GUJARAT,18.21,4.49,7.65,214.37,3.66,7.970000000000001,147.0,1.7800612796225095,False,2.93,Moderate,False
9026, PUSAPATIREGA (M),2022,River,GUJARAT,23.22,7.35,7.13,250.86,2.44,6.6850000000000005,166.0,1.6578661431190576,False,3.71,Excellent,False
4066,VISAKHAPATNAM,2021,Lake,HIMACHAL PRADESH,22.0,5.16,7.78,161.12,3.69,7.945,59.0,1.6418475475026866,False,3.16,Excellent,False
3316,KAKINADA,2017,Lake,HIMACHAL PRADESH,21.88,4.49,7.19,172.14,3.5,5.68,184.0,1.7800612796225095,False,2.84,Moderate,False
7256, TIUNIKAKINADA,2022,Reservoir,HIMACHAL PRADESH,16.1,6.15,6.7,228.12,3.28,7.86,116.0,1.6573846292653684,False,3.25,Excellent,False
5850, KAKINADA,2009,Pond,HIMACHAL PRADESH,17.88,6.38,7.09,249.34,3.96,3.27,168.0,1.9348559599398574,False,3.39,Excellent,False
4032, NARSAPUR (M),2004,River,HIMACHAL PRADESH,23.36,5.74,7.32,216.14,2.76,5.25,80.0,1.2588169733349788,False,3.26,Excellent,False
