State,Year,Literacy_rate,Male Literacy Rate (%),Female Literacy Rate (%),School Enrollment Rate (%),Dropout_Rate
Mizoram,2022,71.03647074,0.806,0.8264,0.7863,4.220028562
Jharkhand,2022,76.73208556,0.8046,0.9341,0.8336,8.41841209
Rajasthan,2019,72.68829354,0.6007,0.6021,0.5741,7.982827166
Delhi,2021,71.26749941,0.7778,0.894,0.5598,6.847785254
Chandigarh,2018,89.79920465,0.9655,0.9462,0.6396,9.065022694
West Bengal,2020,76.4470769,0.6105,0.7941,0.7783,8.834020918
Maharashtra,2022,86.19748892,0.7022,0.854,0.5622,7.512126186
Nagaland,2022,75.0928131,0.7084,0.5281,0.9579,9.209627683
Tripura,2020,83.63005444,0.9188,0.5579,0.8771,5.23504726
Assam,2022,85.2045572,0.736,0.5343,0.6578,4.671517716
Rajasthan,2022,81.91277481,0.688,0.8703,0.9824,5.618497669
Puducherry,2021,79.43152377,0.6304,0.7383,0.9805,4.342521137
Rajasthan,2022,78.23681828,0.6044,0.509,0.658,7.187017168
Madhya Pradesh,2018,76.97736533,0.7945,0.886,0.8736,9.619634154
Uttarakhand,2022,88.59058288,0.9015,0.7271,0.6119,4.236061244
Arunachal Pradesh,2020,86.61238816,0.9502,0.8067,0.5616,4.732659484
Arunachal Pradesh,2023,89.30053821,0.7571,0.6058,0.8855,6.71319417
Rajasthan,2023,72.48594447,0.7174,0.7072,0.7806,9.603250105
Odisha,2019,84.6173495,0.6692,0.6692,0.7394,5.89693663
Karnataka,2021,88.76680914,0.6889,0.6375,0.74,7.043408852
Kerala,2023,73.62466132,0.641,0.9787,0.99,4.249437154
West Bengal,2023,71.32992535,0.9213,0.6866,0.8126,4.890059206
Jammu & Kashmir,2018,84.82241299,0.942,0.6641,0.8755,9.919780738
Assam,2023,81.48946226,0.9161,0.7949,0.5191,9.790712179
Maharashtra,2023,86.83657554,0.8652,0.6446,0.8866,4.029639886
Haryana,2019,72.79544753,0.8008,0.5234,0.5335,9.710870713
Andaman & Nicobar Islands,2021,85.90534624,0.6518,0.5983,0.5095,7.834719627
Gujarat,2020,74.0325464,0.8592,0.7574,0.771,9.207509767
Telangana,2023,73.27311886,0.982,0.7223,0.8774,6.728439134
Jharkhand,2018,73.28531596,0.6776,0.7501,0.7281,7.093576171
Dadra & Nagar Haveli and Daman & Diu,2020,86.2914944,0.8599,0.8312,0.5044,6.933079482
Karnataka,2021,83.30394441,0.9167,0.5183,0.7317,8.001185545
Sikkim,2018,80.4613085,0.9758,0.8627,0.8163,4.837907529
Telangana,2021,77.17660968,0.8358,0.5884,0.6,4.179841539
Mizoram,2021,87.54401082,0.8341,0.8616,0.7248,5.84757965
Arunachal Pradesh,2021,77.84890215,0.8607,0.5111,0.9676,8.228084576
Uttarakhand,2020,86.33198879,0.7269,0.8304,0.7126,5.211120713
Rajasthan,2023,78.78269817,0.7885,0.7789,0.7502,8.0405946
Madhya Pradesh,2021,77.53888859,0.6587,0.9416,0.7479,9.819472277
Manipur,2022,79.25359571,0.6762,0.7814,0.8736,4.563404295
Assam,2018,76.02755748,0.7175,0.6254,0.9851,8.035612709
Uttar Pradesh,2022,84.9521876,0.7198,0.6461,0.5449,6.662501316
Himachal Pradesh,2021,80.0544078,0.9182,0.7308,0.5518,9.208853526
Odisha,2018,74.6442539,0.6157,0.8054,0.7808,5.062898737
Chandigarh,2023,87.99149147,0.7722,0.9267,0.9754,8.155755713
Ladakh,2020,77.67782443,0.8071,0.8307,0.5753,9.028691738
Jammu & Kashmir,2020,80.87105722,0.8797,0.9712,0.9373,9.667685317
Goa,2018,88.12944222,0.6156,0.505,0.6932,8.09948817
Delhi,2023,82.48475992,0.8679,0.7241,0.7246,6.983048584
Uttar Pradesh,2020,72.33796081,0.9029,0.6741,0.8157,7.707083441
Goa,2022,88.79664247,0.7958,0.585,0.8427,9.213429907
Meghalaya,2020,82.55416106,0.789,0.6124,0.6261,7.42365848
Puducherry,2022,76.69811229,0.8591,0.6091,0.6583,4.182322358
Jammu & Kashmir,2022,72.78544145,0.9229,0.8947,0.6354,9.585692173
Manipur,2018,85.88050379,0.9356,0.7801,0.9369,8.137160506
Andhra Pradesh,2023,82.40145512,0.9023,0.6926,0.8365,8.059080315
West Bengal,2019,80.66922184,0.8713,0.749,0.6458,5.294050914
Lakshadweep,2019,87.87785166,0.6425,0.9071,0.5515,7.953312821
Odisha,2018,85.77194422,0.6377,0.7512,0.5102,6.363186434
Arunachal Pradesh,2021,73.03349759,0.8536,0.5473,0.9257,7.907397862
Nagaland,2021,76.23444136,0.8306,0.8099,0.6062,4.639558182
Arunachal Pradesh,2019,74.9697828,0.8781,0.8136,0.5773,7.947071828
Goa,2022,84.87892585,0.8543,0.7992,0.9845,9.996482355
Chandigarh,2020,70.67064869,0.912,0.9425,0.5791,4.289272233
Tamil Nadu,2019,81.3977937,0.8256,0.6019,0.8216,9.863045105
Goa,2022,85.24917371,0.9859,0.9788,0.6065,6.441447764
Tamil Nadu,2021,87.53531274,0.6343,0.5328,0.8022,9.224520702
Tamil Nadu,2023,76.84163497,0.8779,0.8741,0.8297,8.694312904
Karnataka,2019,86.42514609,0.6444,0.7951,0.9246,7.402097566
Nagaland,2019,72.21263474,0.901,0.88,0.7538,8.430695256
Sikkim,2021,86.92904583,0.7506,0.6704,0.9099,9.271093368
Puducherry,2018,72.54977325,0.9793,0.9787,0.5508,6.42484193
Haryana,2021,77.94574581,0.9063,0.5605,0.674,5.962198969
Manipur,2023,85.94590732,0.902,0.8062,0.5062,8.005560313
Uttar Pradesh,2018,72.99834855,0.8393,0.9625,0.6815,8.847075652
Uttarakhand,2021,74.5850279,0.9348,0.8021,0.5195,8.573710809
Ladakh,2021,84.44505137,0.748,0.763,0.9751,8.786881893
Ladakh,2023,84.40073073,0.9138,0.704,0.793,6.613499889
Maharashtra,2018,82.82295266,0.8213,0.8233,0.6984,8.907005297
Telangana,2021,83.87896889,0.9679,0.8908,0.7868,4.721254332
Uttarakhand,2022,80.85448887,0.9445,0.7023,0.6858,7.266934588
Madhya Pradesh,2019,75.03598118,0.7028,0.9752,0.5238,4.034551963
West Bengal,2022,76.91391987,0.6388,0.7191,0.8939,5.947514979
Telangana,2022,73.63195434,0.8966,0.6362,0.5732,6.198769209
Andhra Pradesh,2020,88.16901123,0.761,0.7869,0.7906,6.37703615
Rajasthan,2019,81.6678359,0.7003,0.5331,0.5347,8.17280324
Lakshadweep,2021,78.01702834,0.7157,0.5953,0.8183,6.331348608
Nagaland,2018,79.24011607,0.6982,0.6546,0.6197,6.692161736
Assam,2021,88.94566679,0.8412,0.8803,0.8901,5.425264785
Tamil Nadu,2021,73.06702806,0.7818,0.5891,0.9314,6.23951075
Odisha,2019,81.72459664,0.6117,0.795,0.662,5.363617764
Chandigarh,2022,80.11777358,0.9441,0.9718,0.7694,4.439175543
Mizoram,2021,82.22908471,0.6549,0.8603,0.8971,7.62069156
Kerala,2019,70.36220368,0.6093,0.7282,0.7047,8.009276791
Haryana,2022,87.44247818,0.6902,0.8898,0.6054,7.716942076
Gujarat,2023,88.64236565,0.8764,0.558,0.5108,6.780964263
Telangana,2020,81.30266367,0.6917,0.7827,0.8321,6.278714681
Gujarat,2019,83.93301648,0.8844,0.6825,0.8188,9.180001897
Kerala,2019,88.44998762,0.8644,0.936,0.5784,7.114490711
Haryana,2020,84.14477269,0.6696,0.6491,0.8109,6.875091266
Bihar,2019,73.05078086,0.625,0.8305,0.7629,4.153852395
West Bengal,2019,81.5257672,0.8177,0.6118,0.5733,6.047486966
Gujarat,2022,82.13430093,0.6376,0.8616,0.6028,6.281173713
Madhya Pradesh,2019,78.48261343,0.6187,0.9699,0.7311,6.392936685
Gujarat,2021,84.72888471,0.6248,0.7225,0.7933,7.481034215
Tripura,2019,88.6873403,0.9006,0.926,0.8435,7.20161528
Nagaland,2018,88.51137026,0.8724,0.6677,0.5527,7.647430557
Kerala,2020,79.01678743,0.7707,0.6844,0.6472,8.589299569
Goa,2018,72.26476092,0.9702,0.5552,0.9753,8.877914432
Kerala,2020,89.69682398,0.8353,0.9512,0.9274,8.308738457
Gujarat,2018,86.77796173,0.8152,0.7485,0.9644,9.733142176
Meghalaya,2020,72.49325362,0.8279,0.7079,0.672,4.109395496
Rajasthan,2020,88.41683765,0.926,0.5326,0.8024,5.174667914
Arunachal Pradesh,2022,87.39792724,0.8066,0.5357,0.9306,4.04537725
Dadra & Nagar Haveli and Daman & Diu,2023,80.37676114,0.636,0.6383,0.5648,7.884848285
Rajasthan,2018,81.82550871,0.9725,0.9103,0.5276,9.388183294
Mizoram,2021,77.98005408,0.7948,0.9521,0.7999,5.460893779
Lakshadweep,2022,71.09523278,0.9724,0.8422,0.7732,9.562207269
Nagaland,2019,76.70394483,0.6862,0.9161,0.8714,4.361604342
Telangana,2022,86.05706897,0.9263,0.8846,0.5829,9.606616161
Manipur,2023,70.09264046,0.6326,0.9685,0.8903,6.109736123
West Bengal,2023,76.66998343,0.6759,0.6913,0.904,4.608524971
Arunachal Pradesh,2019,77.96337387,0.9311,0.8985,0.5965,6.915230555
Maharashtra,2021,80.74791206,0.7311,0.9399,0.6844,5.540659406
Madhya Pradesh,2023,88.39711233,0.7125,0.8874,0.7012,5.709237412
Manipur,2019,76.92691989,0.6634,0.9136,0.5861,5.84373979
Assam,2020,76.93906404,0.8665,0.5007,0.6411,8.818155387
Jammu & Kashmir,2021,84.75002496,0.7251,0.8415,0.59,7.23496766
Bihar,2021,79.04435882,0.6338,0.705,0.8803,5.867846195
Gujarat,2021,74.49209646,0.6702,0.6074,0.7357,7.6620027
Delhi,2020,79.04879032,0.8099,0.9191,0.8518,8.296904045
Jammu & Kashmir,2019,72.81714041,0.6976,0.7345,0.9212,5.635744004
Lakshadweep,2023,73.52773973,0.7685,0.504,0.9398,6.481294609
Rajasthan,2022,79.96735545,0.9705,0.5858,0.5155,4.73131656
Tamil Nadu,2021,78.37850899,0.6359,0.562,0.7727,5.086896097
Punjab,2020,88.29691802,0.7076,0.9335,0.9697,8.086707124
Bihar,2020,77.24787798,0.8529,0.847,0.911,5.088630086
Karnataka,2023,81.61176701,0.9478,0.7155,0.927,7.150980302
Haryana,2023,82.64528576,0.8505,0.6638,0.6788,8.25427757
Sikkim,2020,70.26188913,0.7844,0.5032,0.8469,4.641261539
Jammu & Kashmir,2018,83.27074744,0.6729,0.637,0.7359,7.403873318
Madhya Pradesh,2023,73.56071934,0.74,0.818,0.7937,5.539376702
Puducherry,2019,89.22140635,0.9665,0.838,0.8407,9.777561251
Ladakh,2019,72.97325456,0.6936,0.8898,0.8044,6.90127388
Delhi,2022,78.29248247,0.9362,0.7047,0.8397,8.835955299
Puducherry,2018,71.70699336,0.9168,0.8802,0.7771,7.301359253
Chandigarh,2023,89.93748504,0.896,0.9211,0.7226,4.260475197
Andhra Pradesh,2023,80.04390021,0.7762,0.5369,0.6412,7.798908254
Meghalaya,2021,81.90770035,0.621,0.5321,0.8176,9.708420053
Maharashtra,2023,71.34152955,0.6113,0.9493,0.6781,7.609670921
Andhra Pradesh,2019,84.99920941,0.7289,0.6253,0.8974,8.915133157
Himachal Pradesh,2022,74.19811186,0.6046,0.7366,0.8555,9.30523878
Haryana,2019,87.96108579,0.8514,0.5092,0.6699,5.368478632
Kerala,2021,74.10279281,0.631,0.6625,0.7532,5.272269039
Gujarat,2022,73.81375441,0.9441,0.7245,0.6148,7.665885933
Arunachal Pradesh,2022,70.73099336,0.9786,0.6809,0.9531,6.466170819
Meghalaya,2020,79.4413389,0.9636,0.5244,0.6461,9.039167817
Gujarat,2023,81.29682267,0.8838,0.8308,0.9512,9.40013874
Jharkhand,2022,71.31417279,0.7452,0.8608,0.5289,6.120528276
Uttar Pradesh,2020,85.51055233,0.7052,0.9553,0.5886,5.421223354
Andaman & Nicobar Islands,2020,79.06577669,0.6041,0.7518,0.8102,8.683153091
Haryana,2019,80.48780539,0.933,0.5189,0.7648,5.648836213
Tamil Nadu,2022,78.81525494,0.9627,0.561,0.9192,8.935685911
Jharkhand,2020,78.01526122,0.8337,0.927,0.8928,6.542429522
Meghalaya,2021,81.19280663,0.6026,0.9216,0.5397,8.005299396
Arunachal Pradesh,2018,73.10480492,0.9588,0.9154,0.6402,4.573211883
Bihar,2023,73.63856261,0.9829,0.6109,0.7758,7.743155948
Chhattisgarh,2023,87.23571242,0.7329,0.5348,0.6081,6.710606072
Madhya Pradesh,2020,88.92230924,0.899,0.5772,0.9012,7.519650779
Tamil Nadu,2022,77.46618633,0.6254,0.6829,0.8897,5.008085246
Tripura,2019,75.41489346,0.8972,0.8301,0.6623,8.42124247
Gujarat,2023,82.87999086,0.9407,0.8248,0.9527,9.176782465
Sikkim,2020,78.17468342,0.7103,0.8325,0.8314,5.300438801
Lakshadweep,2020,70.50772711,0.6853,0.7003,0.6368,4.574287333
Andaman & Nicobar Islands,2022,73.12305195,0.7308,0.6451,0.8193,4.141831516
West Bengal,2023,84.31944458,0.8182,0.8224,0.7076,7.851829003
Assam,2023,83.17847884,0.7353,0.9592,0.5044,7.642564217
Ladakh,2019,70.54191985,0.7811,0.8251,0.7943,7.280184476
Delhi,2023,74.43944324,0.8597,0.7931,0.556,5.391682577
Delhi,2019,74.62149593,0.6892,0.7465,0.6089,6.345435975
Uttarakhand,2023,83.43785487,0.8795,0.8792,0.8637,7.566858011
Dadra & Nagar Haveli and Daman & Diu,2019,70.39421076,0.9552,0.8708,0.8497,6.980601153
Andaman & Nicobar Islands,2019,72.08217164,0.8354,0.7712,0.5064,9.926713121
Jharkhand,2020,85.99832171,0.8223,0.5437,0.6907,4.818638515
Tamil Nadu,2022,73.57089324,0.6172,0.7312,0.7053,8.170867324
Karnataka,2022,83.05492216,0.7785,0.8329,0.6741,6.425912609
Goa,2018,74.76365562,0.9606,0.516,0.7926,6.56919769
Andaman & Nicobar Islands,2023,71.98882786,0.6739,0.6901,0.6875,8.305586594
Puducherry,2022,74.86344382,0.9847,0.5442,0.514,8.154616908
Maharashtra,2023,84.44533864,0.9567,0.5589,0.8913,9.947535962
Chhattisgarh,2018,87.11392936,0.9641,0.8898,0.7649,4.770365737
Maharashtra,2019,86.60439729,0.675,0.8317,0.5265,4.624657896
Odisha,2020,77.94367059,0.9489,0.8217,0.6941,8.346032903
Maharashtra,2020,83.36170273,0.8763,0.9586,0.9227,7.470321502
Kerala,2020,74.09968591,0.8603,0.7957,0.7577,5.644963999
Sikkim,2020,75.86295461,0.7809,0.9072,0.8523,4.476516214
Meghalaya,2023,87.92671637,0.6314,0.681,0.7911,4.513949498
Chhattisgarh,2018,70.26003847,0.7527,0.5819,0.7701,9.365145248
Jammu & Kashmir,2022,71.71017062,0.6535,0.8054,0.8749,5.151203948
Tamil Nadu,2018,74.1577251,0.8075,0.886,0.8233,5.940229373
Jharkhand,2022,70.53064408,0.6266,0.572,0.5693,5.359938413
Ladakh,2023,73.6287087,0.793,0.6432,0.9586,6.129977835
Arunachal Pradesh,2018,81.66083122,0.6982,0.6617,0.8922,4.416543056
Ladakh,2021,78.42849101,0.7513,0.9015,0.9012,7.114358745
Maharashtra,2019,87.85343422,0.6522,0.5111,0.8272,4.405675382
Rajasthan,2022,86.34887123,0.7361,0.8732,0.8281,8.802139047
Arunachal Pradesh,2020,76.83634703,0.8908,0.6372,0.5497,5.402272491
Punjab,2021,75.18846867,0.6668,0.6136,0.728,7.240071488
Chhattisgarh,2019,77.59384816,0.6394,0.7592,0.9248,9.280474525
Bihar,2019,81.80589885,0.9297,0.6459,0.6869,7.905264214
Andaman & Nicobar Islands,2020,75.36127282,0.7565,0.8727,0.7021,7.197746719
Sikkim,2021,82.48297816,0.8582,0.8697,0.5817,5.946002519
Mizoram,2018,78.18823304,0.6258,0.6726,0.5547,5.998011478
Nagaland,2023,81.04094362,0.6167,0.8591,0.6803,8.016921731
Karnataka,2019,78.72253058,0.8836,0.6323,0.9327,9.964836167
Rajasthan,2023,75.88931519,0.6659,0.7229,0.5799,7.971035139
Odisha,2018,88.96906614,0.6312,0.8982,0.8017,7.346700504
Maharashtra,2022,85.27211588,0.9277,0.6466,0.5403,8.383903061
Nagaland,2019,72.80226352,0.9696,0.5626,0.5957,6.791233674
Ladakh,2018,87.36935952,0.6385,0.5675,0.8294,4.360854056
Dadra & Nagar Haveli and Daman & Diu,2022,79.74862396,0.9489,0.5786,0.8223,7.373780895
Punjab,2022,87.89104454,0.7838,0.6959,0.9439,9.745751707
Odisha,2021,85.99710512,0.9447,0.7531,0.5744,5.051817654
Dadra & Nagar Haveli and Daman & Diu,2019,78.50427009,0.925,0.8579,0.8411,8.140029345
Puducherry,2022,70.44938617,0.7184,0.565,0.9482,5.205602132
Dadra & Nagar Haveli and Daman & Diu,2018,75.37354719,0.974,0.9293,0.8061,7.214966107
Uttarakhand,2023,80.83268429,0.756,0.9439,0.7914,4.580058698
Mizoram,2021,82.6695644,0.9674,0.8649,0.575,6.702225618
Jammu & Kashmir,2022,75.15775371,0.6979,0.647,0.6069,8.536979973
Tripura,2022,72.78712148,0.7882,0.615,0.7799,6.085429145
Andaman & Nicobar Islands,2023,86.69860474,0.8824,0.6551,0.528,7.989470347
Uttar Pradesh,2023,89.68804361,0.833,0.8615,0.9431,8.772699765
Karnataka,2020,80.51380365,0.8603,0.733,0.7045,9.563066917
Mizoram,2021,73.43358572,0.6363,0.907,0.8238,5.407852491
Jammu & Kashmir,2023,75.44614653,0.6238,0.539,0.7245,6.395895495
Jammu & Kashmir,2020,70.36781353,0.845,0.9344,0.8865,4.91449608
Tripura,2023,88.28597613,0.7988,0.6697,0.8031,9.954901013
Chhattisgarh,2020,72.35502166,0.7388,0.7948,0.7944,9.562005808
Uttar Pradesh,2022,81.53032951,0.9795,0.5889,0.6331,7.239742782
Andaman & Nicobar Islands,2018,75.48110441,0.7135,0.518,0.8674,9.052199766
Kerala,2018,81.08356005,0.9396,0.6031,0.6477,7.125747864
Himachal Pradesh,2022,83.02840777,0.759,0.6994,0.955,7.741514128
West Bengal,2018,86.59483607,0.7575,0.5066,0.7964,4.534746593
Goa,2023,74.12842544,0.7473,0.9717,0.92,8.531622523
Telangana,2022,70.21991657,0.7815,0.5911,0.8077,4.766280902
Himachal Pradesh,2020,72.7377126,0.8308,0.9177,0.8343,8.956405782
Bihar,2020,88.00037284,0.6135,0.8468,0.5023,8.692168526
Tripura,2022,87.47780155,0.8926,0.8628,0.9494,8.252468186
Karnataka,2023,81.94826204,0.91,0.7912,0.9185,4.216962283
Meghalaya,2021,82.01033721,0.603,0.9237,0.9544,5.818770136
Mizoram,2023,83.30073349,0.7255,0.8022,0.5483,5.578675419
Ladakh,2020,73.50742557,0.9732,0.6145,0.5612,6.160818445
Punjab,2023,88.28823892,0.6703,0.5257,0.6846,4.525856481
Himachal Pradesh,2021,78.3754105,0.8143,0.9553,0.565,9.621746938
Goa,2019,77.66277056,0.6206,0.8021,0.7359,7.322813444
Rajasthan,2020,80.37835411,0.7979,0.5844,0.9764,5.833145864
Tamil Nadu,2022,70.93931934,0.9078,0.5048,0.8057,6.381889102
Haryana,2018,73.32566738,0.9682,0.6507,0.973,6.683215243
Andhra Pradesh,2022,84.76067233,0.6182,0.7691,0.6997,7.603566
Chhattisgarh,2021,71.65597336,0.7733,0.6472,0.6495,7.094076566
Jharkhand,2021,82.06304219,0.8866,0.73,0.5851,9.516351839
Lakshadweep,2020,74.90698219,0.9843,0.5137,0.7402,6.981780897
Lakshadweep,2020,77.78591228,0.7009,0.7595,0.504,9.952948089
Punjab,2021,75.77387474,0.8541,0.7627,0.6215,9.108549746
Jharkhand,2021,77.11345433,0.7049,0.8651,0.8587,5.251063086
Karnataka,2022,84.3809181,0.6717,0.9197,0.8472,9.583571288
Lakshadweep,2023,75.94243431,0.874,0.6298,0.719,4.698198387
Haryana,2018,81.32809281,0.6068,0.9654,0.5129,8.904698251
Telangana,2019,79.52100804,0.9531,0.585,0.8911,6.283739761
Bihar,2021,83.27342331,0.6564,0.7294,0.8708,9.267845923
Chandigarh,2021,88.73659479,0.8681,0.8746,0.6743,9.208340141
Himachal Pradesh,2019,84.65144194,0.7429,0.9194,0.8746,8.835552401
Telangana,2018,74.29880757,0.6784,0.552,0.9562,8.740182618
Chandigarh,2019,70.6236627,0.6334,0.52,0.9589,5.828074835
Telangana,2019,75.24528089,0.6351,0.9441,0.8652,4.485515698
Chhattisgarh,2020,81.90155861,0.9519,0.8129,0.8324,6.417881073
Andaman & Nicobar Islands,2018,71.02851627,0.6598,0.9011,0.7687,5.04114709
Puducherry,2020,79.92732494,0.9645,0.8584,0.5422,8.169706533
Jharkhand,2018,81.93685698,0.9583,0.8484,0.5762,6.076598359
Puducherry,2023,76.68487782,0.8725,0.7026,0.6737,9.853661205
Mizoram,2019,85.41824407,0.8797,0.8384,0.7887,7.845832464
Tamil Nadu,2023,72.13196506,0.8584,0.5596,0.7692,8.934883382
Telangana,2021,71.50275563,0.7862,0.6865,0.864,4.795148036
Assam,2018,84.56377512,0.8093,0.8529,0.6593,9.172086894
Lakshadweep,2021,79.90982632,0.7078,0.7039,0.6684,9.536543143
Himachal Pradesh,2018,83.76804793,0.8449,0.9731,0.8257,6.922371513
Mizoram,2018,78.69654677,0.8103,0.9439,0.5689,7.637517627
Chhattisgarh,2018,74.92804066,0.6823,0.633,0.7594,8.588858805
Madhya Pradesh,2018,86.38204635,0.7605,0.9235,0.7063,5.049031764
Manipur,2018,85.98831758,0.7762,0.8956,0.6716,7.015396459
Himachal Pradesh,2018,83.89392942,0.7892,0.7257,0.7538,6.391978167
Meghalaya,2021,75.44290274,0.7918,0.7016,0.6359,4.878243953
Nagaland,2020,81.80461334,0.9289,0.613,0.6568,6.205206534
Andaman & Nicobar Islands,2021,77.21947794,0.7302,0.7885,0.5024,4.409033856
Tamil Nadu,2020,71.83164147,0.6323,0.7807,0.6722,4.154871442
Mizoram,2023,88.34627151,0.624,0.6597,0.5009,4.810997735
Himachal Pradesh,2021,72.73637262,0.7409,0.8037,0.624,9.77869067
Himachal Pradesh,2020,89.00474708,0.9226,0.8181,0.7275,7.297177215
Karnataka,2020,78.92011546,0.8891,0.7415,0.6721,9.794932967
Chandigarh,2018,73.70265858,0.8569,0.9236,0.7585,6.59498727
Jammu & Kashmir,2023,80.83801895,0.8985,0.8786,0.8887,5.870896799
Odisha,2020,87.45891672,0.6684,0.5316,0.9552,7.036851177
Telangana,2018,84.64449773,0.7362,0.7216,0.6638,6.637070132
Mizoram,2020,86.13122296,0.8449,0.6016,0.8621,4.633988106
Uttarakhand,2023,83.17566733,0.6757,0.7614,0.8306,7.844957888
Chhattisgarh,2022,83.84553129,0.7031,0.6023,0.6486,5.296229095
West Bengal,2023,86.98391303,0.755,0.9277,0.8047,7.717527729
Meghalaya,2019,74.99336018,0.6912,0.5251,0.5663,7.901206554
West Bengal,2018,79.78849927,0.7802,0.8996,0.9327,4.912149119
Himachal Pradesh,2018,74.42418884,0.8192,0.697,0.9514,4.368097763
Jharkhand,2019,89.75336016,0.8827,0.7911,0.8226,8.684569516
Dadra & Nagar Haveli and Daman & Diu,2023,88.88118679,0.6256,0.6249,0.6047,6.758802543
Madhya Pradesh,2018,70.78853623,0.8666,0.7893,0.7991,4.348982773
Tripura,2022,84.11150345,0.9157,0.589,0.8873,9.969197903
Assam,2022,88.50496635,0.7627,0.8873,0.6729,4.346683366
Sikkim,2023,73.6115069,0.6813,0.7863,0.7477,8.170211373
Dadra & Nagar Haveli and Daman & Diu,2023,81.35890461,0.9536,0.8113,0.8417,9.902073552
Maharashtra,2023,88.30976595,0.9304,0.627,0.8901,5.435080625
Manipur,2019,70.67891957,0.7081,0.5806,0.7153,4.853496212
Punjab,2021,83.94840534,0.8961,0.5177,0.948,4.728309637
Odisha,2019,75.94698015,0.8603,0.58,0.9653,5.819650885
Himachal Pradesh,2020,88.48792391,0.8969,0.6757,0.8513,4.606274866
Haryana,2021,89.4211649,0.704,0.936,0.5477,8.15296805
Nagaland,2022,88.88532978,0.9545,0.8758,0.7811,4.373750789
Dadra & Nagar Haveli and Daman & Diu,2022,79.48428433,0.7156,0.6075,0.5459,7.056532769
Meghalaya,2023,87.24085302,0.6695,0.5099,0.6872,9.980181123
Haryana,2020,86.89098797,0.8613,0.6125,0.8871,8.883821617
Jharkhand,2021,76.38200946,0.7702,0.9329,0.852,7.691316629
Tamil Nadu,2018,86.57830948,0.671,0.6558,0.7737,5.837521725
Arunachal Pradesh,2023,70.74015269,0.6396,0.7702,0.9359,7.743375018
Rajasthan,2020,81.92539757,0.6501,0.7289,0.968,7.162248783
Dadra & Nagar Haveli and Daman & Diu,2018,74.60017675,0.963,0.7584,0.9569,6.556500303
Uttar Pradesh,2023,72.41133772,0.9523,0.9292,0.9861,4.78426226
Tamil Nadu,2020,71.53906403,0.6501,0.6537,0.6849,9.319625291
Tamil Nadu,2019,83.92577552,0.9237,0.7667,0.7113,6.698707893
Ladakh,2019,76.79749928,0.8165,0.7316,0.8171,5.167735071
Jharkhand,2021,84.49533543,0.6271,0.8056,0.6494,6.206556105
Meghalaya,2018,71.30712682,0.6416,0.8748,0.9608,6.484778515
Kerala,2021,76.30580676,0.829,0.6326,0.5896,8.965227373
Meghalaya,2020,80.78982585,0.6307,0.7019,0.7262,8.401686283
Delhi,2020,85.8144633,0.6088,0.5846,0.7462,8.615829362
Kerala,2019,76.37505006,0.9614,0.5148,0.5509,4.066187587
Meghalaya,2018,82.51782753,0.6024,0.6648,0.8775,6.496923989
Karnataka,2023,87.71955496,0.7577,0.6461,0.8986,6.88806491
Sikkim,2021,82.31726376,0.8113,0.9628,0.824,4.115153661
Madhya Pradesh,2020,74.6591895,0.8597,0.9293,0.5977,5.558879252
Jharkhand,2022,70.48801563,0.6779,0.6177,0.9861,8.561738939
Kerala,2022,87.40197748,0.797,0.552,0.5409,4.822658234
Manipur,2020,70.42538822,0.63,0.9577,0.815,7.211860789
West Bengal,2019,87.49403345,0.6559,0.7079,0.667,5.291211232
Assam,2023,80.57874268,0.8435,0.5917,0.5856,4.072724648
Bihar,2021,88.78135397,0.8326,0.9043,0.6376,5.447208746
Punjab,2022,85.97566472,0.9158,0.9059,0.5954,9.855242529
Madhya Pradesh,2019,89.95868221,0.7895,0.7675,0.5303,8.809222671
Chhattisgarh,2021,77.01423631,0.7183,0.5519,0.9143,9.757459866
Sikkim,2023,85.34376578,0.7564,0.9713,0.9821,6.927124264
Haryana,2020,78.03861827,0.7784,0.5029,0.9039,4.658417192
Uttarakhand,2019,79.59751241,0.8551,0.8917,0.6223,7.287756934
Punjab,2019,82.55010926,0.7392,0.6843,0.8149,6.726264007
Delhi,2020,87.47354228,0.9289,0.9582,0.6417,9.066142496
Dadra & Nagar Haveli and Daman & Diu,2022,89.68166938,0.6221,0.9622,0.863,4.588495485
Jharkhand,2020,85.36546828,0.9135,0.8704,0.7025,6.929446822
Jharkhand,2019,78.35533564,0.6307,0.6376,0.7663,4.900291988
Bihar,2018,78.42714005,0.6676,0.5111,0.505,5.948055561
Himachal Pradesh,2022,84.75164603,0.801,0.9755,0.5713,8.424142464
Jammu & Kashmir,2022,74.77554292,0.6414,0.9354,0.7554,6.856108776
Telangana,2018,72.20948226,0.8033,0.7264,0.7035,6.255329711
Bihar,2021,77.09244315,0.6875,0.8872,0.6223,6.366857671
Uttar Pradesh,2022,75.74477983,0.7707,0.7062,0.7933,6.75668061
Mizoram,2018,75.92616241,0.8961,0.7475,0.9017,8.710099263
Manipur,2021,74.67215502,0.9422,0.7411,0.9584,9.352508134
Bihar,2019,70.84186379,0.87,0.5843,0.8366,9.732008119
Tamil Nadu,2022,70.35747869,0.7525,0.7244,0.6582,8.721420318
West Bengal,2020,89.75444779,0.9465,0.725,0.7314,5.892441374
Gujarat,2020,78.55546267,0.7409,0.9342,0.5855,8.128808237
Ladakh,2019,77.68653294,0.9069,0.8246,0.633,6.625618744
Haryana,2022,83.59294565,0.9712,0.7981,0.8793,5.528023732
Himachal Pradesh,2023,74.36507776,0.6483,0.8236,0.974,9.045229477
Karnataka,2018,88.99922368,0.9442,0.7886,0.8448,4.230558094
Jharkhand,2019,85.72690029,0.8813,0.6034,0.6477,9.410571953
Meghalaya,2020,71.78822005,0.9017,0.5561,0.8048,6.768864788
Telangana,2023,78.35161552,0.9138,0.9419,0.9457,7.823208861
Lakshadweep,2019,87.58236615,0.7023,0.8687,0.6006,7.956123533
Chandigarh,2021,88.89464045,0.871,0.6176,0.9817,9.370706444
Odisha,2018,79.34803022,0.9176,0.8608,0.9314,7.820018093
Punjab,2020,82.26822778,0.9238,0.5857,0.8772,7.683601509
Punjab,2018,73.34067892,0.9047,0.8546,0.5921,4.399912243
Sikkim,2022,89.82337252,0.8021,0.6885,0.6136,7.110448132
Tripura,2020,74.63343403,0.6884,0.5038,0.8363,4.901014005
Madhya Pradesh,2021,88.85463548,0.8604,0.5339,0.603,8.424602612
Meghalaya,2023,82.99293298,0.8292,0.7267,0.8006,7.073331525
Odisha,2019,82.1547359,0.6684,0.5149,0.7262,8.081366675
Meghalaya,2018,80.25377022,0.7745,0.6893,0.6942,4.250037404
Odisha,2019,74.61339623,0.8931,0.6479,0.6369,4.508752096
Dadra & Nagar Haveli and Daman & Diu,2021,73.53056064,0.8427,0.5509,0.6399,8.297940328
Lakshadweep,2023,74.40972418,0.6228,0.7198,0.9093,4.432506016
Himachal Pradesh,2021,73.72876524,0.8435,0.5557,0.6155,4.427540367
Kerala,2021,85.59168947,0.9214,0.5892,0.9308,4.072650851
Sikkim,2018,77.00250518,0.7496,0.9448,0.6797,9.73900839
West Bengal,2022,71.15685353,0.7674,0.7123,0.7789,8.425050157
Kerala,2020,89.3820526,0.8304,0.8292,0.8467,6.119508451
Arunachal Pradesh,2021,87.6757177,0.6582,0.9635,0.575,5.779213488
Andhra Pradesh,2018,88.55504566,0.8538,0.5661,0.9705,6.098219378
Gujarat,2020,89.89815645,0.6594,0.6748,0.8767,8.647921187
Odisha,2022,73.47790498,0.9141,0.906,0.8463,7.968223666
Uttar Pradesh,2019,77.92484038,0.8863,0.5501,0.9513,5.111173407
Bihar,2022,85.16476951,0.6218,0.8074,0.5928,5.044656012
Himachal Pradesh,2022,83.92041236,0.9848,0.8995,0.8363,4.590373898
Ladakh,2019,73.07791813,0.925,0.5522,0.66,7.961816318
Manipur,2018,86.3166625,0.8443,0.9126,0.7835,8.586235973
Kerala,2023,74.48881144,0.8756,0.8551,0.9322,5.59027857
Puducherry,2023,74.4763523,0.7103,0.7442,0.9823,4.125669766
Lakshadweep,2021,80.73948846,0.8517,0.9608,0.7347,4.493030005
Dadra & Nagar Haveli and Daman & Diu,2019,81.8587987,0.9364,0.7423,0.7108,9.807160209
Andhra Pradesh,2021,81.60172416,0.803,0.8609,0.5463,5.772668665
Bihar,2021,71.82973675,0.7024,0.9533,0.5131,8.615338887
Jammu & Kashmir,2018,87.54921725,0.9352,0.5409,0.5633,7.747981413
Puducherry,2020,75.31200085,0.7785,0.5949,0.517,6.291637838
Chandigarh,2023,72.59029843,0.9352,0.9396,0.8879,5.234123573
Uttarakhand,2022,87.7749616,0.6072,0.9509,0.6338,4.728318509
Telangana,2022,89.11302996,0.6365,0.6538,0.8982,7.690077808
Karnataka,2022,87.24255235,0.6783,0.9617,0.8244,8.647802684
Meghalaya,2020,86.19032149,0.8175,0.7086,0.9858,7.863425521
Maharashtra,2020,83.10483961,0.6189,0.5549,0.5464,7.181812799
Himachal Pradesh,2020,81.01714741,0.7235,0.6541,0.9663,4.251707341
Jammu & Kashmir,2023,71.7397352,0.9747,0.6659,0.9005,9.810932666
Himachal Pradesh,2019,78.16906426,0.9616,0.7383,0.5037,8.79228515
Ladakh,2022,77.45377034,0.8719,0.6032,0.7488,5.75693222
Punjab,2023,75.19507568,0.9252,0.5757,0.5397,9.879821976
Andhra Pradesh,2023,84.46840227,0.617,0.6254,0.572,7.611289538
Assam,2022,79.9175147,0.8442,0.9243,0.7096,7.494535949
Kerala,2022,71.62092432,0.696,0.5317,0.5883,8.488439077
Rajasthan,2023,74.40366404,0.6709,0.7616,0.9393,8.870618729
Nagaland,2022,83.66517527,0.7244,0.6706,0.5488,7.938871644
Uttarakhand,2020,71.52261719,0.8731,0.7099,0.7877,4.768574478
Odisha,2022,87.02413828,0.7521,0.8464,0.5775,6.029605036
Kerala,2021,79.90293054,0.7389,0.9644,0.7929,9.568501842
Uttarakhand,2022,79.61173155,0.9457,0.9556,0.8096,5.347693671
Chandigarh,2021,81.84815569,0.7572,0.8597,0.6225,6.233002143
Mizoram,2019,86.49361932,0.8496,0.6019,0.9384,6.592461298
Madhya Pradesh,2022,76.95618416,0.9046,0.5966,0.8846,6.636429938
Gujarat,2023,83.56032305,0.8218,0.6323,0.7409,7.677637495
Lakshadweep,2023,81.31463928,0.6233,0.8594,0.9079,9.658455026
Lakshadweep,2022,75.3405654,0.9758,0.6705,0.6135,5.444156271
Rajasthan,2019,87.57259973,0.8551,0.6254,0.8044,4.729008258
Manipur,2022,85.94852043,0.9889,0.7061,0.5458,5.184822939
Arunachal Pradesh,2018,83.16903669,0.6993,0.5072,0.7521,9.321549401
Telangana,2019,87.01163458,0.7607,0.7913,0.6674,7.874864876
Arunachal Pradesh,2019,87.34588402,0.7868,0.7245,0.64,5.715440735
Madhya Pradesh,2021,84.16725953,0.982,0.9424,0.8496,8.895681634
Goa,2019,86.74026657,0.6564,0.6744,0.7618,9.168219978
Andhra Pradesh,2018,83.94942923,0.7163,0.5137,0.5838,9.079086032
Andaman & Nicobar Islands,2022,83.60281544,0.8331,0.8471,0.8955,9.513559202
Lakshadweep,2023,82.37222756,0.8887,0.7916,0.7544,5.513446121
Himachal Pradesh,2023,85.05433279,0.8999,0.7207,0.8494,8.530251572
Manipur,2022,73.17210211,0.9482,0.9448,0.5053,6.763236984
Jammu & Kashmir,2020,87.61741518,0.8969,0.7503,0.8495,9.051991317
Chandigarh,2018,87.43687055,0.6109,0.6259,0.9189,8.370944063
Uttar Pradesh,2021,70.58494566,0.6614,0.9339,0.6353,8.658684679
Tripura,2018,86.51633501,0.8761,0.723,0.5316,7.936971026
Uttarakhand,2021,72.57739735,0.98,0.8508,0.6028,5.064572617
Dadra & Nagar Haveli and Daman & Diu,2018,76.70237709,0.6393,0.7244,0.8428,7.270161513
Mizoram,2020,84.87016513,0.6364,0.6794,0.7457,9.908018437
Nagaland,2021,73.21519792,0.9712,0.5128,0.6318,9.624328399
Tripura,2021,86.35934048,0.923,0.8841,0.887,4.259042415
Andaman & Nicobar Islands,2023,86.64268356,0.6334,0.8368,0.6545,4.988888894
Maharashtra,2021,80.14935468,0.847,0.5542,0.6019,4.790372641
Telangana,2020,70.12771743,0.6682,0.7397,0.5453,8.35587946
Puducherry,2023,75.74076266,0.7008,0.8153,0.9779,8.906711979
Haryana,2021,82.33853837,0.9106,0.7312,0.7868,5.281068198
Mizoram,2020,89.62372356,0.8274,0.9399,0.6121,7.035116158
Karnataka,2020,82.63627054,0.7821,0.8458,0.7421,9.044218168
Gujarat,2021,75.19607162,0.6168,0.5448,0.5085,8.396809269
Andaman & Nicobar Islands,2018,82.68011406,0.7699,0.9149,0.7722,7.253423233
Manipur,2020,80.79970759,0.7547,0.7461,0.931,7.542086143
Andhra Pradesh,2020,85.5969079,0.8227,0.9286,0.8512,7.050163281
Andhra Pradesh,2018,72.13961278,0.7086,0.903,0.9788,5.785290708
Karnataka,2022,85.22055805,0.6082,0.9419,0.7842,7.390131957
Himachal Pradesh,2023,80.82533157,0.7583,0.9556,0.5202,8.133311812
Ladakh,2021,89.25984008,0.6452,0.8768,0.9122,9.239937495
West Bengal,2022,76.83744332,0.6727,0.8514,0.5182,7.817748124
Mizoram,2020,82.65243786,0.6388,0.7355,0.616,8.566729222
Punjab,2022,88.64056211,0.9058,0.9745,0.7693,4.96042981
West Bengal,2021,72.05019456,0.8083,0.732,0.8212,6.769344847
Goa,2023,88.74456974,0.6075,0.836,0.9891,4.055989719
Punjab,2023,83.75771445,0.9647,0.8957,0.8984,5.480073187
Nagaland,2020,71.35674118,0.7694,0.6141,0.5661,8.358770291
Andhra Pradesh,2021,76.01927134,0.6817,0.8255,0.8258,9.950859708
Tripura,2021,84.16344177,0.7474,0.7478,0.5443,4.595068598
Dadra & Nagar Haveli and Daman & Diu,2020,71.34701203,0.705,0.8933,0.796,6.408965895
Uttarakhand,2023,81.6434092,0.8402,0.7286,0.7584,8.800425812
Jammu & Kashmir,2019,76.91766114,0.6003,0.8826,0.6013,5.224213808
Uttar Pradesh,2018,82.41831036,0.8289,0.6005,0.9455,7.330509696
Rajasthan,2021,70.91484068,0.8479,0.7022,0.6958,8.398427776
Meghalaya,2021,87.43073612,0.9286,0.5526,0.8161,7.695912702
Telangana,2023,89.46977938,0.6833,0.6111,0.9027,5.128148408
Nagaland,2018,89.37755711,0.8214,0.5707,0.8368,6.132307412
Jharkhand,2018,84.99303663,0.7903,0.888,0.7651,8.702750707
Puducherry,2019,72.6017248,0.6591,0.76,0.9657,7.325359085
West Bengal,2018,85.16526392,0.7582,0.8537,0.6604,4.031377681
Haryana,2022,70.49173833,0.9459,0.8571,0.5662,8.56594456
Himachal Pradesh,2021,70.44247103,0.9443,0.6347,0.9026,4.21186813
Andhra Pradesh,2019,76.47220438,0.7657,0.7914,0.7732,8.474402696
Jharkhand,2018,79.77286381,0.9058,0.7735,0.9806,5.214883361
Manipur,2022,85.40814836,0.9733,0.7352,0.7698,9.748440881
Arunachal Pradesh,2023,83.66590753,0.7034,0.5319,0.8357,6.207644508
Himachal Pradesh,2018,78.91805413,0.8515,0.6724,0.5718,5.961589698
Assam,2022,75.47253333,0.8541,0.8239,0.5718,4.893328302
Uttar Pradesh,2018,89.94249,0.717,0.5837,0.7101,5.833625293
Arunachal Pradesh,2019,78.52362604,0.9288,0.5262,0.6248,9.259904571
Mizoram,2022,79.02774049,0.8535,0.6803,0.9665,9.978006026
Goa,2021,73.27247642,0.9451,0.5358,0.7096,6.209857183
Bihar,2018,85.89619097,0.9381,0.8711,0.9555,6.691663786
Odisha,2018,83.87364452,0.8013,0.9008,0.5636,8.332425629
Odisha,2023,74.41539226,0.8743,0.8484,0.987,9.317174683
Assam,2018,71.64762091,0.6479,0.6556,0.6465,7.558266005
Mizoram,2020,83.60998604,0.9744,0.9199,0.8051,6.349154189
Arunachal Pradesh,2021,83.09022429,0.7672,0.5186,0.7863,6.475731045
Uttar Pradesh,2018,75.46519054,0.7268,0.6584,0.9877,8.173708879
Uttarakhand,2021,89.01727125,0.7091,0.5713,0.9094,4.019309582
Puducherry,2018,73.02115784,0.7398,0.8707,0.5973,7.717536025
Tripura,2018,78.64669602,0.8064,0.9215,0.7726,6.132958063
Madhya Pradesh,2021,88.8723184,0.7837,0.807,0.5999,8.765183988
Chandigarh,2023,78.39454634,0.7477,0.8701,0.7273,4.557943839
Ladakh,2022,82.77051895,0.7549,0.6518,0.5966,7.529213602
Rajasthan,2019,77.95188796,0.7971,0.7329,0.7874,6.885837339
Arunachal Pradesh,2018,75.48430405,0.8445,0.7072,0.9006,7.853953155
Assam,2020,89.67955296,0.6646,0.6028,0.5182,4.389121567
Manipur,2019,78.18668013,0.8265,0.9085,0.9011,7.479902725
Goa,2020,87.88198407,0.9656,0.7586,0.5769,7.368907528
Haryana,2022,74.59909212,0.9804,0.5169,0.8564,7.363960566
Jharkhand,2023,74.26209408,0.964,0.6296,0.9555,7.620926
Manipur,2021,70.62268166,0.6917,0.5603,0.7304,8.058807623
Nagaland,2020,83.03333651,0.6537,0.5725,0.566,8.829933998
Mizoram,2023,77.37052687,0.7553,0.7888,0.8063,5.618924321
Goa,2020,87.287165,0.8846,0.5287,0.5257,8.950296461
Bihar,2020,79.46419813,0.7242,0.5014,0.9103,6.989534094
Delhi,2022,89.36386856,0.7854,0.9124,0.529,4.462349675
Sikkim,2019,73.71051031,0.7862,0.6392,0.5192,4.351305575
Goa,2018,87.37246336,0.613,0.8458,0.5424,6.005429912
Nagaland,2020,85.53193706,0.9601,0.8341,0.8779,8.709381863
Uttarakhand,2021,85.41843689,0.6385,0.7037,0.9413,8.246085608
Uttar Pradesh,2018,86.89566456,0.6297,0.7572,0.9116,8.731689788
Odisha,2023,85.22047982,0.8238,0.6914,0.6318,7.103614339
Chandigarh,2023,82.52440643,0.7517,0.5603,0.6053,6.641193988
Uttarakhand,2020,72.62489755,0.8362,0.9064,0.9719,4.88471516
Goa,2021,70.65052359,0.7728,0.8147,0.7428,5.969156522
Bihar,2023,88.41695696,0.8197,0.6128,0.9481,6.604116197
Rajasthan,2018,82.33300629,0.7285,0.9619,0.8999,4.531602578
Assam,2020,85.93074582,0.7418,0.5764,0.8737,5.323671716
Uttar Pradesh,2021,79.63044703,0.8807,0.8228,0.9375,7.589351764
Meghalaya,2019,72.34616378,0.7658,0.5457,0.7466,8.413978685
Tripura,2019,72.50371584,0.9232,0.8684,0.8852,9.990085068
Maharashtra,2018,83.71130574,0.7666,0.5964,0.58,9.598679988
Chhattisgarh,2021,78.6061179,0.6797,0.5419,0.5402,7.855391197
Gujarat,2020,74.01049453,0.9643,0.6423,0.9026,6.52748832
Himachal Pradesh,2019,79.83189093,0.9839,0.5362,0.7374,7.817064188
Tripura,2023,71.28417874,0.9271,0.8861,0.8357,8.713909708
Sikkim,2021,81.63942804,0.8153,0.878,0.5388,4.710017146
Jharkhand,2022,75.37986809,0.7314,0.9305,0.7369,6.459429338
Assam,2019,85.95118201,0.7181,0.9267,0.9432,9.038813714
Dadra & Nagar Haveli and Daman & Diu,2020,76.20723918,0.812,0.8965,0.8864,6.302997712
Punjab,2020,79.10440298,0.902,0.6536,0.7118,7.431233627
Uttar Pradesh,2023,70.2324108,0.9562,0.9029,0.6813,7.526616165
Tripura,2021,71.44893776,0.7699,0.6595,0.6211,5.106857519
Uttarakhand,2020,77.84987113,0.8543,0.5517,0.7177,6.17341265
Uttarakhand,2022,79.59877669,0.7622,0.9054,0.9377,6.007067732
Chandigarh,2021,82.00041096,0.7805,0.6734,0.6815,4.157180251
Himachal Pradesh,2020,75.83325157,0.6971,0.6712,0.8719,4.145150583
Jammu & Kashmir,2019,83.89963772,0.9166,0.8217,0.7484,8.990182262
Karnataka,2022,87.20244794,0.8809,0.6594,0.5603,5.63842486
Gujarat,2019,85.59701978,0.864,0.6447,0.9611,7.108472597
Uttarakhand,2019,70.79237651,0.8545,0.7049,0.6838,5.792353442
Tamil Nadu,2022,79.61013895,0.8892,0.7782,0.7198,9.644075471
Himachal Pradesh,2023,72.09860357,0.9475,0.6066,0.6774,5.555780553
Ladakh,2022,74.84090032,0.9457,0.9093,0.5571,6.577940876
Andaman & Nicobar Islands,2020,89.73325187,0.924,0.965,0.722,9.236381503
Gujarat,2021,72.84991086,0.9571,0.6584,0.9182,9.051601401
Tripura,2023,79.97776307,0.6671,0.7769,0.9199,5.116608507
Tripura,2018,82.36311469,0.9811,0.9671,0.6127,8.815859859
Arunachal Pradesh,2023,84.04929941,0.6867,0.8989,0.5768,6.74912132
Assam,2022,81.19297367,0.7573,0.825,0.8504,6.897813233
Nagaland,2018,70.19541695,0.9631,0.6245,0.9279,4.800879834
Andhra Pradesh,2021,76.52922616,0.6534,0.7701,0.7228,4.483609083
Tripura,2023,80.35423287,0.843,0.5332,0.5179,8.367635842
Madhya Pradesh,2022,71.75732998,0.9317,0.5922,0.6408,6.978766914
Madhya Pradesh,2019,77.01253862,0.9074,0.505,0.9273,6.621104216
Chandigarh,2019,70.66406218,0.8457,0.915,0.7207,8.377049372
Odisha,2023,71.57156994,0.6011,0.632,0.8601,8.593077394
Uttar Pradesh,2019,77.93846552,0.7232,0.6099,0.7073,4.953449006
Assam,2023,72.65431508,0.7644,0.9343,0.7641,7.661350897
Assam,2018,81.35081697,0.7343,0.7296,0.7989,4.812124494
Nagaland,2023,83.78929938,0.6353,0.6435,0.9253,8.508250516
Assam,2022,86.01173398,0.8119,0.5249,0.7735,7.941730938
Madhya Pradesh,2019,74.00300488,0.717,0.5115,0.5289,9.739687727
Rajasthan,2018,73.34965165,0.6521,0.5099,0.7558,4.413748098
Telangana,2018,72.09135681,0.9526,0.7977,0.9396,4.342328327
Madhya Pradesh,2022,82.72860499,0.6707,0.918,0.673,5.693122448
Odisha,2020,84.12951453,0.9216,0.8144,0.5414,5.570234102
Delhi,2022,70.6317229,0.8916,0.7064,0.9622,5.481872794
Kerala,2020,88.72424492,0.9474,0.8314,0.6827,9.437527483
Lakshadweep,2021,71.03942567,0.7767,0.7283,0.7874,5.497277199
Dadra & Nagar Haveli and Daman & Diu,2022,80.82592671,0.6304,0.5545,0.6343,5.631698357
Delhi,2021,84.18121039,0.6136,0.6891,0.944,8.556389575
Assam,2020,87.41938247,0.7464,0.621,0.5564,6.698439055
Jammu & Kashmir,2023,84.28173864,0.8595,0.6923,0.8713,8.660263342
Punjab,2022,86.03456166,0.9713,0.8858,0.5977,4.392196945
Arunachal Pradesh,2020,76.78900385,0.6109,0.7447,0.7434,6.925427162
Haryana,2023,86.29650227,0.9786,0.6036,0.9217,4.201681601
Sikkim,2021,71.60229693,0.6539,0.7534,0.9699,4.375919221
Gujarat,2022,87.89633312,0.6028,0.7528,0.6739,9.43862472
Gujarat,2019,80.95184752,0.864,0.733,0.8797,4.835472227
Chhattisgarh,2019,86.3459554,0.7116,0.6756,0.7218,7.194524094
Andaman & Nicobar Islands,2022,79.04636569,0.8221,0.7786,0.6941,6.466573616
Karnataka,2019,82.8715539,0.9063,0.5849,0.5496,6.084059958
Bihar,2022,80.52805322,0.7641,0.7706,0.6088,9.399000074
Uttarakhand,2018,84.63179044,0.806,0.5407,0.6367,4.130940381
Gujarat,2022,71.63259964,0.7126,0.8287,0.6911,7.982738117
Dadra & Nagar Haveli and Daman & Diu,2019,71.20704168,0.9783,0.5644,0.9321,9.780366605
Andhra Pradesh,2021,74.94206468,0.8237,0.956,0.8325,7.361009101
Madhya Pradesh,2023,73.1908936,0.7546,0.8899,0.6367,9.620934772
Dadra & Nagar Haveli and Daman & Diu,2019,87.43567133,0.684,0.7093,0.9175,4.313547276
Mizoram,2023,74.38427975,0.6135,0.5708,0.8339,6.512759914
Karnataka,2023,89.51730512,0.8151,0.9472,0.9562,5.560946746
Rajasthan,2021,76.73791584,0.7744,0.7338,0.5854,8.38492579
Delhi,2020,73.64235831,0.8334,0.5103,0.8764,9.887782543
Meghalaya,2023,85.79397014,0.8644,0.5594,0.6906,5.539180375
Madhya Pradesh,2022,83.17415551,0.9153,0.7429,0.6881,7.925047609
Andaman & Nicobar Islands,2018,79.96391433,0.7129,0.717,0.9428,5.188585797
Chhattisgarh,2018,81.10727102,0.6909,0.9141,0.7252,7.391981527
Maharashtra,2021,84.38403557,0.92,0.9176,0.9618,6.78359492
Andaman & Nicobar Islands,2021,74.56909483,0.6951,0.9572,0.9014,9.832031978
Manipur,2023,89.92667832,0.9312,0.728,0.5271,7.651163636
Chhattisgarh,2021,89.49586324,0.7237,0.9593,0.5085,6.097038233
Dadra & Nagar Haveli and Daman & Diu,2021,83.00651373,0.8462,0.6472,0.9669,4.684574709
West Bengal,2021,73.99084902,0.6926,0.5295,0.6932,4.907480972
Andaman & Nicobar Islands,2022,83.60456485,0.8706,0.7588,0.9859,5.35190158
Lakshadweep,2018,71.44396818,0.7639,0.6064,0.8004,5.505799968
Andhra Pradesh,2019,70.61305004,0.936,0.9592,0.9179,9.103696347
Punjab,2018,75.15365777,0.9462,0.7269,0.7991,7.36733673
Delhi,2021,79.25245913,0.8194,0.5929,0.6615,7.140345468
Jharkhand,2021,87.36545011,0.8667,0.5895,0.5076,4.688613231
Jharkhand,2023,84.5433814,0.9472,0.5943,0.6497,9.16083816
Tamil Nadu,2020,84.85413042,0.9661,0.541,0.6519,8.336885819
Uttarakhand,2019,78.50986669,0.608,0.6842,0.9269,4.406010171
Haryana,2018,76.91869985,0.9746,0.6664,0.5243,8.247010583
Andaman & Nicobar Islands,2018,77.42077526,0.8029,0.7075,0.9432,7.261229304
Karnataka,2018,89.75299127,0.6601,0.8003,0.8523,4.490352074
Uttar Pradesh,2019,70.80218383,0.8712,0.7449,0.6534,6.749803849
Punjab,2023,87.34062992,0.8494,0.7307,0.8303,6.908177723
Uttarakhand,2018,81.57350817,0.9268,0.9114,0.7102,4.994647241
Manipur,2021,78.77230838,0.7889,0.6095,0.9714,9.674188882
Uttarakhand,2018,84.50515321,0.9627,0.6554,0.5137,9.099852229
Telangana,2021,79.73337883,0.63,0.8056,0.5704,8.014134024
Tripura,2021,87.46846476,0.7964,0.5515,0.8337,6.773773366
Dadra & Nagar Haveli and Daman & Diu,2021,88.01403728,0.7225,0.8862,0.9648,6.47059325
Madhya Pradesh,2020,78.43441854,0.7404,0.8903,0.9021,7.905840803
Manipur,2021,75.53655594,0.9261,0.6346,0.6705,7.272591216
Gujarat,2022,81.84700657,0.9181,0.6278,0.6481,4.373638635
Gujarat,2018,88.24726691,0.7209,0.6004,0.5693,7.075015893
Puducherry,2021,74.21324378,0.7281,0.6514,0.7354,8.838421703
Goa,2020,82.45933167,0.7408,0.7951,0.9717,6.755439266
Assam,2019,82.6312044,0.8693,0.7176,0.5399,4.311739465
Chhattisgarh,2022,84.66226045,0.7312,0.6257,0.9283,8.717669196
Lakshadweep,2020,72.6313537,0.787,0.972,0.6085,5.208182693
Jammu & Kashmir,2019,84.31649929,0.6193,0.6924,0.5171,5.551725009
Odisha,2022,88.18065041,0.925,0.6492,0.501,4.988238121
Bihar,2019,73.59366218,0.9896,0.9483,0.9491,5.981290389
Uttar Pradesh,2021,74.7508665,0.8283,0.8516,0.726,8.540509034
Kerala,2018,89.42790188,0.8966,0.531,0.7952,7.116315157
Sikkim,2022,73.61953905,0.7702,0.5788,0.9762,5.229287645
Manipur,2021,87.08770187,0.9368,0.8774,0.7278,9.266980469
Delhi,2019,79.84555713,0.6183,0.699,0.6819,9.27749113
Manipur,2018,74.94462149,0.7238,0.5486,0.7001,9.22347055
Sikkim,2019,87.41499803,0.8272,0.6578,0.8809,5.432777268
Jharkhand,2023,78.9061051,0.7163,0.8054,0.5466,6.707436065
Karnataka,2020,80.29634708,0.7977,0.8024,0.8624,9.909937937
Andhra Pradesh,2018,77.18466739,0.8273,0.5856,0.7214,8.632074858
Karnataka,2018,81.85901703,0.8534,0.8587,0.5728,4.163004527
Dadra & Nagar Haveli and Daman & Diu,2020,73.27047745,0.9802,0.686,0.6121,4.391227548
Maharashtra,2019,77.82163073,0.9299,0.8571,0.7149,6.783588261
Ladakh,2019,89.38824645,0.8798,0.8046,0.9656,9.455321235
Uttar Pradesh,2021,75.16266865,0.7044,0.5361,0.9758,7.232210788
Dadra & Nagar Haveli and Daman & Diu,2022,83.13473329,0.6453,0.5746,0.7428,6.986875048
Tripura,2023,76.50380128,0.6372,0.857,0.5621,4.6328422
Andaman & Nicobar Islands,2023,85.46946251,0.8593,0.5509,0.9639,7.940680628
Chhattisgarh,2022,72.61747321,0.8253,0.5968,0.8609,8.932618964
Madhya Pradesh,2018,89.3964209,0.727,0.9139,0.8604,6.282520045
Bihar,2023,79.07579083,0.6926,0.9627,0.5165,8.653671106
Uttar Pradesh,2023,74.72100927,0.8605,0.6007,0.8238,9.786859923
Manipur,2020,71.46993495,0.8617,0.6022,0.6024,5.222598755
Assam,2018,73.3951581,0.8137,0.7299,0.9705,7.139977787
Dadra & Nagar Haveli and Daman & Diu,2018,80.39547897,0.7739,0.5837,0.5091,5.722827749
Goa,2019,76.74006353,0.668,0.7984,0.9202,8.757126514
Sikkim,2018,86.57766732,0.6277,0.8558,0.7677,7.465560195
Kerala,2018,78.61775047,0.7878,0.8631,0.7652,7.807494505
Gujarat,2023,74.97428545,0.7003,0.931,0.938,8.787484958
Arunachal Pradesh,2021,82.34289973,0.896,0.617,0.5041,6.375822836
Bihar,2023,84.13554434,0.8086,0.9615,0.9777,9.49054041
Himachal Pradesh,2018,73.34083816,0.6194,0.5089,0.5921,7.198173203
