State,Year,Labor Force Participation Rate (%),Unemployment_rate,Youth Unemployment Rate (%),Female Unemployment Rate (%),Employment in Agriculture (%),Employment in Services (%)
Mizoram,2022,0.3487,6.498160475,0.0567,0.1968,0.367,0.2226
Jharkhand,2022,0.4781,8.802857226,0.2271,0.179,0.6677,0.2831
Rajasthan,2019,0.3449,7.927975767,0.0863,0.1974,0.6766,0.1737
Delhi,2021,0.42,7.394633937,0.1913,0.1469,0.5385,0.2067
Chandigarh,2018,0.4053,5.624074562,0.1195,0.1277,0.1877,0.3495
West Bengal,2020,0.4791,5.623978081,0.151,0.1227,0.6287,0.4669
Maharashtra,2022,0.328,5.232334449,0.1851,0.1195,0.4502,0.1406
Nagaland,2022,0.4477,8.464704583,0.1661,0.1052,0.4288,0.2884
Tripura,2020,0.5673,7.404460047,0.1087,0.1028,0.3036,0.1421
Assam,2022,0.5812,7.832290311,0.07,0.1779,0.5059,0.4892
Rajasthan,2022,0.3044,5.082337977,0.1974,0.1054,0.3807,0.5389
Puducherry,2021,0.5432,8.879639409,0.1632,0.1112,0.3352,0.4816
Rajasthan,2022,0.3991,8.329770563,0.1045,0.1866,0.4613,0.4498
Madhya Pradesh,2018,0.4643,5.849356443,0.1754,0.1781,0.5218,0.1773
Uttarakhand,2022,0.3435,5.727299869,0.2156,0.1662,0.1251,0.5095
Arunachal Pradesh,2020,0.3004,5.733618039,0.1493,0.1188,0.1292,0.5732
Arunachal Pradesh,2023,0.6166,6.216968972,0.1579,0.1216,0.4204,0.4094
Rajasthan,2023,0.4148,7.099025727,0.2007,0.0456,0.1657,0.1183
Odisha,2019,0.3676,6.727780075,0.1987,0.127,0.2349,0.1433
Karnataka,2021,0.484,6.164916561,0.0632,0.1229,0.6098,0.1959
Kerala,2023,0.6535,7.447411579,0.0506,0.0922,0.1797,0.1395
West Bengal,2023,0.5016,5.557975443,0.1697,0.171,0.1697,0.1642
Jammu & Kashmir,2018,0.3488,6.168578594,0.2218,0.111,0.2477,0.162
Assam,2023,0.4023,6.465447373,0.2153,0.0862,0.4215,0.4079
Maharashtra,2023,0.4245,6.824279937,0.2472,0.1739,0.3881,0.3803
Haryana,2019,0.3418,8.140703846,0.0598,0.1222,0.3005,0.381
Andaman & Nicobar Islands,2021,0.6276,5.798695129,0.0924,0.1187,0.1967,0.5933
Gujarat,2020,0.519,7.056937754,0.092,0.119,0.5092,0.2839
Telangana,2023,0.6605,7.369658275,0.1265,0.0606,0.579,0.3154
Jharkhand,2018,0.5467,5.185801651,0.1805,0.1862,0.2935,0.3795
Dadra & Nagar Haveli and Daman & Diu,2020,0.3104,7.430179408,0.204,0.1279,0.531,0.3808
Karnataka,2021,0.6544,5.682096495,0.1175,0.1052,0.2594,0.3855
Sikkim,2018,0.3472,5.260206372,0.1113,0.1443,0.3556,0.4843
Telangana,2021,0.5422,8.795542149,0.0853,0.0978,0.6111,0.5865
Mizoram,2021,0.443,8.862528132,0.0893,0.1184,0.2226,0.1005
Arunachal Pradesh,2021,0.5879,8.233589392,0.1508,0.1543,0.3645,0.4438
Uttarakhand,2020,0.332,6.218455077,0.1491,0.1818,0.2236,0.477
Rajasthan,2023,0.617,5.390688456,0.1519,0.0692,0.5703,0.598
Madhya Pradesh,2021,0.6209,7.736932106,0.184,0.173,0.2554,0.44
Manipur,2022,0.3919,6.760609975,0.173,0.1198,0.3405,0.1372
Assam,2018,0.3649,5.488152939,0.1141,0.1625,0.474,0.3197
Uttar Pradesh,2022,0.5557,6.98070764,0.0675,0.0963,0.5807,0.4768
Himachal Pradesh,2021,0.5598,5.137554084,0.0988,0.0727,0.4611,0.1397
Odisha,2018,0.4147,8.637281608,0.1012,0.1635,0.1062,0.1388
Chandigarh,2023,0.5168,6.035119926,0.1037,0.1557,0.6566,0.5546
Ladakh,2020,0.6528,7.650089137,0.207,0.1036,0.2689,0.1488
Jammu & Kashmir,2020,0.5015,6.246844304,0.0742,0.0359,0.5754,0.1588
Goa,2018,0.3429,7.080272085,0.0606,0.0846,0.2748,0.3885
Delhi,2023,0.6504,7.186841117,0.1539,0.1079,0.1574,0.2609
Uttar Pradesh,2020,0.3671,5.739417822,0.104,0.0491,0.2432,0.5978
Goa,2022,0.5301,8.878338511,0.2349,0.1131,0.5551,0.2729
Meghalaya,2020,0.6236,8.100531293,0.1952,0.0874,0.228,0.2171
Puducherry,2022,0.6202,8.757995766,0.2474,0.0534,0.5275,0.356
Jammu & Kashmir,2022,0.4031,8.579309402,0.2456,0.0752,0.1276,0.4067
Manipur,2018,0.5184,7.391599915,0.1571,0.0812,0.1682,0.5817
Andhra Pradesh,2023,0.5169,8.68749694,0.1444,0.0794,0.1576,0.1089
West Bengal,2019,0.4818,5.353970008,0.1013,0.1342,0.5652,0.1183
Lakshadweep,2019,0.6856,5.78393145,0.1939,0.0729,0.1171,0.1072
Odisha,2018,0.4556,5.180909156,0.2355,0.0699,0.692,0.2153
Arunachal Pradesh,2021,0.4104,6.301321323,0.2067,0.1577,0.2711,0.3048
Nagaland,2021,0.5593,6.554709159,0.1321,0.1576,0.2499,0.4537
Arunachal Pradesh,2019,0.5971,6.085396127,0.0817,0.0377,0.5432,0.3408
Goa,2022,0.3366,8.314950037,0.1798,0.0664,0.4131,0.3196
Chandigarh,2020,0.5352,6.427013307,0.1972,0.1087,0.6682,0.4276
Tamil Nadu,2019,0.3048,6.123738039,0.1757,0.1485,0.4527,0.5762
Goa,2022,0.3313,7.170784333,0.0659,0.0439,0.3521,0.4632
Tamil Nadu,2021,0.5991,5.5636969,0.1523,0.1062,0.1688,0.1692
Tamil Nadu,2023,0.6228,8.208787923,0.2057,0.1456,0.5291,0.1185
Karnataka,2019,0.3658,5.298202575,0.1309,0.1024,0.6902,0.1405
Nagaland,2019,0.5913,8.947547746,0.1037,0.1936,0.5182,0.2508
Sikkim,2021,0.3345,8.088979077,0.1118,0.0815,0.3569,0.3316
Puducherry,2018,0.6864,5.794862726,0.0964,0.1697,0.2782,0.4834
Haryana,2021,0.3187,5.022088468,0.2212,0.0383,0.1208,0.1262
Manipur,2023,0.3232,8.261845714,0.1686,0.1281,0.296,0.4353
Uttar Pradesh,2018,0.3963,7.827429375,0.2043,0.0509,0.3322,0.3304
Uttarakhand,2021,0.4461,7.916028672,0.0811,0.1464,0.6697,0.2448
Ladakh,2021,0.4869,8.085081387,0.1389,0.1929,0.3719,0.552
Ladakh,2023,0.4461,5.296178607,0.2267,0.1585,0.2097,0.3312
Maharashtra,2018,0.3309,6.433862914,0.132,0.0988,0.5839,0.1398
Telangana,2021,0.5798,5.463476238,0.1221,0.0924,0.1554,0.525
Uttarakhand,2022,0.4273,8.452413704,0.0763,0.1727,0.5748,0.4838
Madhya Pradesh,2019,0.5632,7.493192507,0.1749,0.1262,0.6831,0.5355
West Bengal,2022,0.5583,6.323592099,0.1343,0.1384,0.6297,0.3278
Telangana,2022,0.5919,5.254233401,0.1381,0.0402,0.6226,0.2571
Andhra Pradesh,2020,0.5231,6.243929287,0.1393,0.0444,0.632,0.2262
Rajasthan,2019,0.4888,6.300733288,0.1636,0.0405,0.4217,0.2203
Lakshadweep,2021,0.3506,7.918424713,0.1956,0.0572,0.1305,0.3746
Nagaland,2018,0.4661,7.550229885,0.1651,0.0678,0.4123,0.419
Assam,2021,0.4335,8.54885097,0.0515,0.12,0.1974,0.2422
Tamil Nadu,2021,0.3659,6.888859701,0.0669,0.1702,0.394,0.5514
Odisha,2019,0.3489,5.478376984,0.2035,0.1582,0.5922,0.1922
Chandigarh,2022,0.4062,7.852979149,0.2083,0.0832,0.1699,0.1452
Mizoram,2021,0.6295,8.043140194,0.0971,0.1925,0.4945,0.4665
Kerala,2019,0.5304,7.24510879,0.117,0.1973,0.45,0.1995
Haryana,2022,0.5657,8.08386872,0.1579,0.1258,0.493,0.2512
Gujarat,2023,0.3371,6.975182385,0.2266,0.1821,0.6692,0.2715
Telangana,2020,0.4404,7.090931318,0.0906,0.1434,0.5912,0.2977
Gujarat,2019,0.6263,6.710164073,0.2215,0.1221,0.6289,0.4795
Kerala,2019,0.5415,5.101676507,0.0925,0.0557,0.5788,0.2766
Haryana,2020,0.3294,5.431565708,0.0543,0.1578,0.2135,0.141
Bihar,2019,0.4997,5.125716743,0.2018,0.0331,0.1248,0.3853
West Bengal,2019,0.4846,7.545641645,0.1536,0.1761,0.3276,0.4508
Gujarat,2022,0.4855,6.257423924,0.1703,0.069,0.5087,0.1457
Madhya Pradesh,2019,0.5663,7.034282765,0.1229,0.1214,0.1098,0.2208
Gujarat,2021,0.5231,8.630265896,0.2055,0.078,0.2204,0.5865
Tripura,2019,0.5936,5.997168917,0.1517,0.1874,0.5496,0.5702
Nagaland,2018,0.3626,6.641531692,0.108,0.1428,0.2189,0.5031
Kerala,2020,0.6566,8.022204554,0.215,0.108,0.4957,0.5256
Goa,2018,0.6387,5.915192662,0.0784,0.1236,0.2759,0.1726
Kerala,2020,0.3632,5.307919639,0.2472,0.1492,0.2549,0.1296
Gujarat,2018,0.3592,6.159005812,0.1788,0.1984,0.4612,0.1929
Meghalaya,2020,0.5989,5.644885149,0.1862,0.1936,0.1787,0.3632
Rajasthan,2020,0.4789,8.718790609,0.082,0.0594,0.2899,0.3202
Arunachal Pradesh,2022,0.3868,8.232481518,0.1383,0.0494,0.5892,0.4395
Dadra & Nagar Haveli and Daman & Diu,2023,0.6062,7.533615026,0.1756,0.1442,0.3764,0.5803
Rajasthan,2018,0.379,8.485842361,0.0613,0.1185,0.4047,0.127
Mizoram,2021,0.4074,8.214688308,0.209,0.1642,0.3727,0.211
Lakshadweep,2022,0.6421,5.746280236,0.1253,0.1999,0.2599,0.5684
Nagaland,2019,0.612,8.570235994,0.1838,0.0363,0.1066,0.1225
Telangana,2022,0.6392,7.157368968,0.1451,0.0562,0.2059,0.2653
Manipur,2023,0.5179,8.229760621,0.1733,0.1629,0.5369,0.4339
West Bengal,2023,0.4585,8.5843652,0.1732,0.0385,0.3851,0.4565
Arunachal Pradesh,2019,0.4793,6.2720139,0.2214,0.1876,0.6145,0.2806
Maharashtra,2021,0.3782,5.440207698,0.1873,0.1909,0.4779,0.1775
Madhya Pradesh,2023,0.5407,5.91174065,0.0512,0.1969,0.5835,0.2254
Manipur,2019,0.5783,6.708431155,0.1033,0.1373,0.4833,0.5816
Assam,2020,0.5066,8.272059064,0.0734,0.0544,0.1361,0.1179
Jammu & Kashmir,2021,0.3717,8.442922333,0.0718,0.0692,0.4799,0.5931
Bihar,2021,0.6937,5.027808522,0.1155,0.1345,0.1109,0.5221
Gujarat,2021,0.531,7.04298921,0.245,0.1995,0.4686,0.1197
Delhi,2020,0.5321,6.669644013,0.0957,0.1973,0.3851,0.5273
Jammu & Kashmir,2019,0.4799,5.888431242,0.206,0.1904,0.1067,0.2205
Lakshadweep,2023,0.5535,5.479461469,0.187,0.033,0.497,0.2411
Rajasthan,2022,0.6822,6.350460686,0.1877,0.1083,0.4626,0.5193
Tamil Nadu,2021,0.6747,8.771638816,0.1552,0.1985,0.4427,0.3776
Punjab,2020,0.3599,6.292811728,0.1739,0.0443,0.4271,0.4846
Bihar,2020,0.4695,7.075162487,0.2176,0.1591,0.6434,0.1628
Karnataka,2023,0.6554,7.812075836,0.1943,0.1988,0.5661,0.3966
Haryana,2023,0.3786,6.45451841,0.1582,0.0466,0.5308,0.5903
Sikkim,2020,0.6013,8.887128331,0.1161,0.0603,0.6739,0.4778
Jammu & Kashmir,2018,0.6072,8.84978918,0.0771,0.095,0.2208,0.4563
Madhya Pradesh,2023,0.3729,6.007129183,0.2047,0.0499,0.5502,0.4246
Puducherry,2019,0.3023,6.988994024,0.0984,0.0342,0.1046,0.4631
Ladakh,2019,0.5299,6.203513239,0.1415,0.1821,0.5976,0.3089
Delhi,2022,0.369,6.139361978,0.1476,0.0341,0.3203,0.4014
Puducherry,2018,0.5413,5.147547789,0.115,0.1677,0.2708,0.1422
Chandigarh,2023,0.6962,7.438257336,0.1255,0.0607,0.419,0.2774
Andhra Pradesh,2023,0.5771,7.010716093,0.1869,0.0527,0.2555,0.5822
Meghalaya,2021,0.4964,5.205915005,0.1349,0.195,0.6053,0.2031
Maharashtra,2023,0.4644,6.114585857,0.2276,0.1229,0.2482,0.4398
Andhra Pradesh,2019,0.5308,8.633063544,0.2362,0.1454,0.2217,0.1692
Himachal Pradesh,2022,0.3824,5.958247563,0.1539,0.1293,0.1208,0.3942
Haryana,2019,0.475,5.579579488,0.0986,0.0918,0.1355,0.3507
Kerala,2021,0.6437,6.957811041,0.0686,0.0372,0.6706,0.1482
Gujarat,2022,0.4891,8.942601816,0.0594,0.1566,0.2975,0.1445
Arunachal Pradesh,2022,0.3798,5.968221086,0.2051,0.1676,0.5292,0.293
Meghalaya,2020,0.5963,7.68854219,0.2014,0.13,0.2978,0.32
Gujarat,2023,0.4282,8.046478461,0.2468,0.1272,0.6699,0.4161
Jharkhand,2022,0.6889,5.950550176,0.192,0.1339,0.1724,0.4601
Uttar Pradesh,2020,0.3528,7.912865394,0.1012,0.1161,0.3089,0.1736
Andaman & Nicobar Islands,2020,0.6392,6.471132531,0.2147,0.1978,0.568,0.2132
Haryana,2019,0.5007,7.529223322,0.0528,0.1991,0.1073,0.4805
Tamil Nadu,2022,0.4955,7.534118843,0.1981,0.1995,0.2786,0.2199
Jharkhand,2020,0.3309,7.143098736,0.1609,0.1556,0.6384,0.3491
Meghalaya,2021,0.5881,5.36115908,0.2156,0.1916,0.6734,0.4122
Arunachal Pradesh,2018,0.3627,8.341209982,0.1296,0.0945,0.6127,0.2885
Bihar,2023,0.3411,6.28312026,0.0567,0.1744,0.635,0.229
Chhattisgarh,2023,0.4347,5.746074042,0.2309,0.1798,0.605,0.5798
Madhya Pradesh,2020,0.5519,5.163100566,0.18,0.108,0.5025,0.4612
Tamil Nadu,2022,0.4125,7.363571773,0.2456,0.1534,0.6708,0.1155
Tripura,2019,0.3876,7.710257447,0.1784,0.0339,0.5484,0.5684
Gujarat,2023,0.6249,5.066351316,0.1402,0.085,0.3714,0.3055
Sikkim,2020,0.589,7.048372233,0.0926,0.1698,0.2846,0.1968
Lakshadweep,2020,0.3624,5.905983101,0.0687,0.0715,0.4592,0.1888
Andaman & Nicobar Islands,2022,0.4948,7.580691162,0.1873,0.1547,0.2446,0.5935
West Bengal,2023,0.5018,5.697465716,0.157,0.1704,0.4907,0.3803
Assam,2023,0.5382,7.763750952,0.1909,0.069,0.5718,0.1848
Ladakh,2019,0.6364,6.546941385,0.1794,0.1236,0.5838,0.2924
Delhi,2023,0.683,8.746919955,0.0502,0.1317,0.119,0.5077
Delhi,2019,0.6692,5.550083777,0.1937,0.1826,0.2205,0.4791
Uttarakhand,2023,0.3817,6.364265404,0.1931,0.0443,0.4489,0.1976
Dadra & Nagar Haveli and Daman & Diu,2019,0.6349,5.453894085,0.1988,0.0734,0.1143,0.2359
Andaman & Nicobar Islands,2019,0.5451,8.698774473,0.0633,0.1213,0.4132,0.2569
Jharkhand,2020,0.3547,8.509357414,0.1731,0.1437,0.6003,0.4074
Tamil Nadu,2022,0.5411,6.031766511,0.1753,0.0407,0.6245,0.1193
Karnataka,2022,0.4481,7.639936184,0.1963,0.0553,0.1375,0.5308
Goa,2018,0.3316,8.268888801,0.0694,0.179,0.5411,0.4522
Andaman & Nicobar Islands,2023,0.6143,7.220803246,0.1352,0.0504,0.4436,0.4686
Puducherry,2022,0.3694,7.118602313,0.1338,0.0577,0.2594,0.3998
Maharashtra,2023,0.5626,5.967409164,0.1218,0.0722,0.2666,0.103
Chhattisgarh,2018,0.5672,5.372411071,0.1547,0.183,0.1773,0.4355
Maharashtra,2019,0.6994,8.588863032,0.0691,0.1028,0.6069,0.4224
Odisha,2020,0.4032,8.601672229,0.1003,0.0794,0.5791,0.4696
Maharashtra,2020,0.3163,7.532405829,0.2437,0.0311,0.6768,0.5855
Kerala,2020,0.4027,6.356119164,0.0553,0.1516,0.2519,0.1101
Sikkim,2020,0.5384,6.396838298,0.093,0.0438,0.5266,0.3287
Meghalaya,2023,0.6217,7.903822715,0.1188,0.1031,0.6643,0.3616
Chhattisgarh,2018,0.5973,8.58844104,0.1085,0.157,0.4772,0.1126
Jammu & Kashmir,2022,0.3878,8.548345697,0.2368,0.0408,0.2466,0.2631
Tamil Nadu,2018,0.6695,8.119502183,0.1644,0.0604,0.661,0.3744
Jharkhand,2022,0.683,7.568126585,0.1404,0.1436,0.5487,0.1029
Ladakh,2023,0.5159,5.33655986,0.123,0.0418,0.5791,0.2296
Arunachal Pradesh,2018,0.47,5.646514856,0.1483,0.0824,0.4233,0.1358
Ladakh,2021,0.4884,8.594216754,0.0691,0.1086,0.2462,0.5537
Maharashtra,2019,0.6274,7.425716239,0.1435,0.0845,0.2999,0.3752
Rajasthan,2022,0.3413,5.036788206,0.2137,0.1798,0.3153,0.4763
Arunachal Pradesh,2020,0.6106,5.405886171,0.145,0.1087,0.5286,0.4605
Punjab,2021,0.5792,7.654007076,0.0816,0.1309,0.5875,0.4109
Chhattisgarh,2019,0.6851,5.020246335,0.1065,0.1901,0.3434,0.4321
Bihar,2019,0.3198,5.643232206,0.0543,0.1811,0.4765,0.5871
Andaman & Nicobar Islands,2020,0.6984,7.194935157,0.1963,0.0713,0.3854,0.1751
Sikkim,2021,0.5818,7.767580791,0.1296,0.0812,0.1103,0.5714
Mizoram,2018,0.4827,7.607845038,0.0831,0.1201,0.6415,0.1939
Nagaland,2023,0.6324,5.897077238,0.2367,0.1018,0.6795,0.223
Karnataka,2019,0.4677,7.848716885,0.2129,0.1071,0.3655,0.1962
Rajasthan,2023,0.4864,5.94899635,0.0789,0.1059,0.3731,0.2741
Odisha,2018,0.5023,6.301598793,0.1244,0.1185,0.5466,0.1592
Maharashtra,2022,0.5112,7.98596562,0.129,0.1976,0.2998,0.1738
Nagaland,2019,0.6701,7.598531596,0.2338,0.0785,0.3215,0.5818
Ladakh,2018,0.3282,8.396893642,0.2164,0.0453,0.1314,0.2775
Dadra & Nagar Haveli and Daman & Diu,2022,0.3542,7.630451569,0.147,0.1687,0.2204,0.4995
Punjab,2022,0.5914,7.273234413,0.1087,0.1221,0.1884,0.1924
Odisha,2021,0.6875,5.374699071,0.1777,0.138,0.6509,0.4294
Dadra & Nagar Haveli and Daman & Diu,2019,0.6751,6.470863212,0.1337,0.1883,0.1548,0.2991
Puducherry,2022,0.6353,6.060809471,0.0597,0.1035,0.2372,0.1089
Dadra & Nagar Haveli and Daman & Diu,2018,0.6419,5.975958574,0.0749,0.0781,0.2113,0.324
Uttarakhand,2023,0.6185,8.892042219,0.2164,0.0708,0.3262,0.3726
Mizoram,2021,0.3564,6.572390899,0.2408,0.0545,0.2525,0.4837
Jammu & Kashmir,2022,0.6056,8.568186221,0.2063,0.1642,0.4139,0.4123
Tripura,2022,0.5004,7.524554504,0.0815,0.0414,0.4789,0.2357
Andaman & Nicobar Islands,2023,0.4766,8.179245214,0.2126,0.1002,0.2634,0.2193
Uttar Pradesh,2023,0.4065,7.010548372,0.0856,0.1843,0.1248,0.4365
Karnataka,2020,0.629,7.307615539,0.0839,0.0416,0.6861,0.2709
Mizoram,2021,0.3445,6.970070775,0.1387,0.1226,0.5095,0.471
Jammu & Kashmir,2023,0.6952,5.780971951,0.0735,0.0356,0.1665,0.3056
Jammu & Kashmir,2020,0.5951,7.889808461,0.2424,0.1198,0.6855,0.4237
Tripura,2023,0.5958,6.12308945,0.141,0.1668,0.3419,0.4947
Chhattisgarh,2020,0.3234,5.097263866,0.068,0.165,0.6378,0.1339
Uttar Pradesh,2022,0.6238,7.581889184,0.123,0.0625,0.522,0.3565
Andaman & Nicobar Islands,2018,0.6564,5.708442718,0.0888,0.0884,0.1498,0.2316
Kerala,2018,0.4978,8.761834337,0.1157,0.0482,0.4631,0.5297
Himachal Pradesh,2022,0.4697,8.815714308,0.2233,0.1909,0.3668,0.2541
West Bengal,2018,0.4732,8.659457561,0.0555,0.0591,0.1741,0.4863
Goa,2023,0.5051,6.480634801,0.1776,0.1083,0.1036,0.5699
Telangana,2022,0.5541,5.061826466,0.1132,0.1321,0.691,0.215
Himachal Pradesh,2020,0.6022,8.71327425,0.1207,0.0631,0.2748,0.1853
Bihar,2020,0.4826,6.712736593,0.2154,0.1758,0.5674,0.5913
Tripura,2022,0.5424,8.866619276,0.2285,0.0779,0.2745,0.4329
Karnataka,2023,0.4075,8.854479908,0.1999,0.0481,0.5312,0.1868
Meghalaya,2021,0.4314,8.412037822,0.1926,0.0562,0.2164,0.2554
Mizoram,2023,0.3644,6.177795568,0.1826,0.0477,0.1664,0.3052
Ladakh,2020,0.3698,6.540390914,0.1041,0.104,0.5423,0.4903
Punjab,2023,0.4755,8.404546686,0.2433,0.0949,0.2714,0.3339
Himachal Pradesh,2021,0.451,6.267688021,0.1645,0.089,0.5764,0.5128
Goa,2019,0.3956,5.677970987,0.1413,0.1844,0.4355,0.4767
Rajasthan,2020,0.6037,7.22720505,0.1585,0.0956,0.302,0.1762
Tamil Nadu,2022,0.3786,8.744619097,0.2001,0.1011,0.147,0.3431
Haryana,2018,0.6878,7.784119187,0.0721,0.0753,0.2558,0.3755
Andhra Pradesh,2022,0.6616,7.28024468,0.1011,0.0479,0.1284,0.3946
Chhattisgarh,2021,0.6744,5.388705975,0.1884,0.1953,0.4897,0.502
Jharkhand,2021,0.4581,7.460028907,0.0592,0.1562,0.244,0.1479
Lakshadweep,2020,0.5446,8.9602154,0.221,0.1716,0.2063,0.4591
Lakshadweep,2020,0.4171,5.560336061,0.1715,0.1105,0.3062,0.3117
Punjab,2021,0.6884,7.073318609,0.2365,0.1063,0.3985,0.5368
Jharkhand,2021,0.3782,8.509492288,0.1318,0.04,0.6452,0.501
Karnataka,2022,0.5913,7.963074471,0.1993,0.08,0.4997,0.1176
Lakshadweep,2023,0.54,7.788062964,0.1469,0.1176,0.5909,0.372
Haryana,2018,0.6923,7.809936336,0.2388,0.0754,0.2773,0.5081
Telangana,2019,0.4374,6.437964605,0.2259,0.1708,0.2248,0.1119
Bihar,2021,0.5165,6.174367377,0.0833,0.0534,0.5462,0.4794
Chandigarh,2021,0.526,8.237444622,0.1043,0.1686,0.3622,0.5949
Himachal Pradesh,2019,0.6771,8.240453579,0.0919,0.1231,0.5177,0.1412
Telangana,2018,0.6251,8.468289274,0.1345,0.1816,0.1109,0.4027
Chandigarh,2019,0.4968,8.65296221,0.0627,0.1537,0.607,0.1121
Telangana,2019,0.5417,7.045369595,0.0636,0.1754,0.2599,0.5057
Chhattisgarh,2020,0.542,7.006065179,0.1806,0.0548,0.4121,0.3525
Andaman & Nicobar Islands,2018,0.5571,8.193180716,0.1239,0.0942,0.5664,0.2561
Puducherry,2020,0.4221,7.599855723,0.2254,0.1076,0.1741,0.2267
Jharkhand,2018,0.3744,7.807867509,0.1623,0.1111,0.5636,0.5943
Puducherry,2023,0.4584,8.183170678,0.2171,0.0544,0.6414,0.494
Mizoram,2019,0.3037,8.560021367,0.0602,0.1409,0.404,0.1779
Tamil Nadu,2023,0.3637,6.351980627,0.1823,0.1982,0.4092,0.1526
Telangana,2021,0.3726,6.502331811,0.057,0.0512,0.5251,0.5226
Assam,2018,0.4854,5.375927759,0.2263,0.1206,0.6209,0.2888
Lakshadweep,2021,0.3028,7.313120564,0.1206,0.1715,0.4005,0.1201
Himachal Pradesh,2018,0.3904,5.143769095,0.1643,0.1421,0.1421,0.3628
Mizoram,2018,0.3068,6.862392073,0.2168,0.1556,0.4388,0.3877
Chhattisgarh,2018,0.6346,7.170578539,0.1972,0.0352,0.6312,0.3199
Madhya Pradesh,2018,0.6652,6.146165009,0.1987,0.1245,0.2409,0.4805
Manipur,2018,0.4489,7.363333042,0.0518,0.078,0.1311,0.1349
Himachal Pradesh,2018,0.6056,5.122001,0.1673,0.1846,0.6089,0.3578
Meghalaya,2021,0.3489,5.149392755,0.2303,0.0935,0.5387,0.5995
Nagaland,2020,0.6956,8.290402243,0.1506,0.0744,0.2239,0.2206
Andaman & Nicobar Islands,2021,0.3897,6.440762566,0.1603,0.1945,0.1191,0.2027
Tamil Nadu,2020,0.5313,5.508242051,0.0596,0.0925,0.5909,0.4925
Mizoram,2023,0.6191,7.08897304,0.0644,0.0888,0.1113,0.3801
Himachal Pradesh,2021,0.5175,8.079974212,0.15,0.0714,0.3437,0.3661
Himachal Pradesh,2020,0.58,5.86328411,0.1119,0.1863,0.5124,0.5786
Karnataka,2020,0.3337,7.491561903,0.0655,0.0393,0.6239,0.4621
Chandigarh,2018,0.3576,5.34138986,0.0767,0.0792,0.4786,0.4017
Jammu & Kashmir,2023,0.4477,5.206726885,0.0683,0.1535,0.3065,0.1215
Odisha,2020,0.3902,7.125418526,0.1716,0.1486,0.2941,0.5095
Telangana,2018,0.6952,7.162540486,0.1417,0.0902,0.2127,0.1212
Mizoram,2020,0.4736,7.549719606,0.1998,0.0558,0.3007,0.5412
Uttarakhand,2023,0.3613,7.904365335,0.1625,0.1312,0.1542,0.3277
Chhattisgarh,2022,0.3366,8.903408318,0.0752,0.0814,0.6912,0.4419
West Bengal,2023,0.6877,7.065201393,0.239,0.1835,0.5509,0.3553
Meghalaya,2019,0.3534,6.291825892,0.1792,0.0372,0.5344,0.5808
West Bengal,2018,0.4122,8.180744779,0.1456,0.1067,0.2136,0.1615
Himachal Pradesh,2018,0.5847,6.083329005,0.1359,0.1728,0.193,0.1905
Jharkhand,2019,0.652,6.755885683,0.207,0.0952,0.4962,0.3703
Dadra & Nagar Haveli and Daman & Diu,2023,0.384,5.313825525,0.0631,0.1256,0.4533,0.144
Madhya Pradesh,2018,0.6239,5.101402974,0.2152,0.1198,0.5627,0.4389
Tripura,2022,0.6617,8.850593659,0.1717,0.1477,0.6573,0.2094
Assam,2022,0.5821,8.343920482,0.0719,0.0826,0.4379,0.5769
Sikkim,2023,0.5151,7.783896824,0.1791,0.1921,0.5071,0.374
Dadra & Nagar Haveli and Daman & Diu,2023,0.5287,6.635811778,0.2281,0.1391,0.4761,0.163
Maharashtra,2023,0.4194,5.69317728,0.1382,0.1705,0.5277,0.4433
Manipur,2019,0.633,5.625748171,0.2022,0.0736,0.5908,0.5569
Punjab,2021,0.6376,6.000971593,0.2044,0.1543,0.5266,0.2935
Odisha,2019,0.4657,7.196906659,0.1769,0.0901,0.4582,0.2186
Himachal Pradesh,2020,0.5899,7.858383691,0.1732,0.039,0.4642,0.1336
Haryana,2021,0.6982,7.640789507,0.1172,0.1701,0.4726,0.1509
Nagaland,2022,0.5635,6.119735588,0.0939,0.0944,0.5228,0.1757
Dadra & Nagar Haveli and Daman & Diu,2022,0.4483,8.819461123,0.1219,0.0595,0.5897,0.4961
Meghalaya,2023,0.4532,7.951587667,0.1733,0.0574,0.1285,0.1048
Haryana,2020,0.5841,7.21741621,0.1886,0.112,0.3787,0.1684
Jharkhand,2021,0.3385,7.446882985,0.052,0.1509,0.2857,0.378
Tamil Nadu,2018,0.6003,6.67840025,0.1127,0.1346,0.2679,0.4706
Arunachal Pradesh,2023,0.5026,5.990923958,0.1747,0.0554,0.3181,0.351
Rajasthan,2020,0.5062,6.423890715,0.1576,0.1478,0.1079,0.2409
Dadra & Nagar Haveli and Daman & Diu,2018,0.365,8.031384442,0.2219,0.1252,0.4143,0.3801
Uttar Pradesh,2023,0.4072,5.057573955,0.2379,0.1089,0.5135,0.1307
Tamil Nadu,2020,0.3964,5.464290562,0.1882,0.1172,0.2539,0.2714
Tamil Nadu,2019,0.6312,5.184010568,0.1925,0.1217,0.4392,0.3849
Ladakh,2019,0.5692,5.162915209,0.1204,0.1486,0.1272,0.5225
Jharkhand,2021,0.3274,8.421842336,0.061,0.1593,0.3744,0.1391
Meghalaya,2018,0.4898,7.814631438,0.2203,0.0588,0.4956,0.2896
Kerala,2021,0.4645,6.896695316,0.0723,0.1892,0.472,0.1852
Meghalaya,2020,0.362,5.391336643,0.0698,0.1437,0.3234,0.4827
Delhi,2020,0.664,6.9664635,0.2404,0.0477,0.4644,0.3968
Kerala,2019,0.4623,6.893887083,0.219,0.1451,0.1866,0.1163
Meghalaya,2018,0.5459,5.69280748,0.1275,0.0382,0.4728,0.5796
Karnataka,2023,0.4686,6.735406597,0.1635,0.1094,0.2261,0.2693
Sikkim,2021,0.3025,6.594018938,0.1355,0.1393,0.466,0.4249
Madhya Pradesh,2020,0.6493,7.463400392,0.1796,0.0693,0.2788,0.4495
Jharkhand,2022,0.5016,7.540374603,0.1216,0.0918,0.4973,0.1184
Kerala,2022,0.5265,5.181216039,0.1185,0.0421,0.2714,0.4863
Manipur,2020,0.6432,6.498450459,0.1445,0.1362,0.5019,0.5359
West Bengal,2019,0.6322,7.503439663,0.1512,0.1046,0.2414,0.5681
Assam,2023,0.3735,7.012545034,0.0861,0.0766,0.1524,0.2944
Bihar,2021,0.5855,8.425959365,0.0931,0.1768,0.3462,0.2626
Punjab,2022,0.365,7.634774526,0.0961,0.0568,0.6743,0.1535
Madhya Pradesh,2019,0.6443,5.651737708,0.134,0.0435,0.5801,0.4162
Chhattisgarh,2021,0.6374,5.28227499,0.237,0.0993,0.2247,0.485
Sikkim,2023,0.4413,7.569677113,0.1011,0.1701,0.5738,0.3514
Haryana,2020,0.6037,5.106045242,0.2139,0.1792,0.1628,0.3017
Uttarakhand,2019,0.413,7.343102325,0.1218,0.0313,0.2097,0.4312
Punjab,2019,0.6363,8.760920966,0.1324,0.0504,0.196,0.3
Delhi,2020,0.5543,7.301896712,0.0749,0.1213,0.6913,0.2307
Dadra & Nagar Haveli and Daman & Diu,2022,0.3149,6.552679705,0.1007,0.0483,0.6768,0.5745
Jharkhand,2020,0.4536,7.573152874,0.1618,0.0713,0.4448,0.2982
Jharkhand,2019,0.6571,6.833011562,0.153,0.1645,0.437,0.5365
Bihar,2018,0.49,7.182467157,0.1188,0.066,0.3599,0.2601
Himachal Pradesh,2022,0.5493,8.765859235,0.1617,0.064,0.6463,0.5051
Jammu & Kashmir,2022,0.5842,6.544410551,0.2495,0.0816,0.1568,0.4159
Telangana,2018,0.5229,8.844762255,0.2204,0.1298,0.3148,0.5357
Bihar,2021,0.4571,8.621402568,0.0588,0.0663,0.4639,0.2377
Uttar Pradesh,2022,0.6425,5.783164539,0.1835,0.1121,0.6449,0.4063
Mizoram,2018,0.6402,5.277445204,0.1664,0.0662,0.5568,0.1582
Manipur,2021,0.4886,5.403112006,0.1911,0.031,0.3442,0.4304
Bihar,2019,0.4605,5.072887303,0.0591,0.0944,0.5887,0.4805
Tamil Nadu,2022,0.3876,5.377771843,0.099,0.1923,0.447,0.5751
West Bengal,2020,0.5696,7.732027094,0.0619,0.082,0.4235,0.2213
Gujarat,2020,0.6854,5.284754594,0.1868,0.1605,0.1919,0.1575
Ladakh,2019,0.4069,6.275902521,0.0731,0.078,0.1904,0.1524
Haryana,2022,0.4987,8.379501244,0.2472,0.1659,0.1463,0.2284
Himachal Pradesh,2023,0.4609,5.093087743,0.207,0.0633,0.361,0.5868
Karnataka,2018,0.5624,8.25787393,0.1755,0.0743,0.4043,0.4185
Jharkhand,2019,0.3726,6.127419099,0.0938,0.0959,0.247,0.2646
Meghalaya,2020,0.5222,5.47265931,0.0668,0.035,0.6527,0.1605
Telangana,2023,0.6586,7.786948661,0.1383,0.0876,0.1603,0.5057
Lakshadweep,2019,0.3354,7.515771387,0.2196,0.059,0.4974,0.3686
Chandigarh,2021,0.4274,8.509888054,0.1972,0.1189,0.4651,0.5066
Odisha,2018,0.3287,7.940284175,0.152,0.1838,0.376,0.2832
Punjab,2020,0.5191,8.213923722,0.1776,0.1339,0.624,0.2587
Punjab,2018,0.6498,6.12813829,0.2237,0.1607,0.5432,0.2231
Sikkim,2022,0.5211,5.709758175,0.0883,0.1269,0.303,0.5648
Tripura,2020,0.6397,8.002459007,0.0878,0.197,0.2566,0.222
Madhya Pradesh,2021,0.3617,8.227338957,0.2413,0.1202,0.5815,0.5413
Meghalaya,2023,0.3136,8.962020568,0.1618,0.1903,0.1774,0.4689
Odisha,2019,0.617,6.650470708,0.2467,0.176,0.5498,0.2372
Meghalaya,2018,0.3691,6.488072343,0.1854,0.1547,0.2272,0.2547
Odisha,2019,0.6163,8.105651843,0.2445,0.1423,0.2563,0.3584
Dadra & Nagar Haveli and Daman & Diu,2021,0.5919,6.363214161,0.0702,0.105,0.6201,0.4484
Lakshadweep,2023,0.6931,8.723029302,0.0856,0.0722,0.5156,0.4638
Himachal Pradesh,2021,0.3244,8.433651007,0.1561,0.137,0.3803,0.1873
Kerala,2021,0.5135,6.71597611,0.1616,0.0908,0.112,0.1821
Sikkim,2018,0.5898,8.003484271,0.1707,0.1441,0.188,0.5906
West Bengal,2022,0.3813,8.018171496,0.2487,0.0773,0.2851,0.5527
Kerala,2020,0.4967,5.412495475,0.1639,0.1438,0.32,0.5114
Arunachal Pradesh,2021,0.3558,8.610211627,0.2268,0.1187,0.3752,0.4218
Andhra Pradesh,2018,0.3823,7.02100949,0.2463,0.0588,0.1438,0.4292
Gujarat,2020,0.3241,8.305829864,0.2401,0.1181,0.1586,0.2848
Odisha,2022,0.3441,6.280198404,0.0642,0.168,0.1434,0.2229
Uttar Pradesh,2019,0.4443,8.582092914,0.0857,0.0616,0.1886,0.4226
Bihar,2022,0.3937,6.556806715,0.0621,0.0928,0.6676,0.1527
Himachal Pradesh,2022,0.5244,5.043350606,0.1805,0.1382,0.1744,0.1735
Ladakh,2019,0.4245,8.621527906,0.1483,0.1677,0.1862,0.3434
Manipur,2018,0.4083,5.365146707,0.0959,0.0933,0.1882,0.2134
Kerala,2023,0.4461,6.27725455,0.0543,0.0395,0.5381,0.2011
Puducherry,2023,0.3881,8.800247868,0.1504,0.1422,0.3,0.4206
Lakshadweep,2021,0.3421,8.802428588,0.1738,0.138,0.5302,0.274
Dadra & Nagar Haveli and Daman & Diu,2019,0.6226,7.293751552,0.2168,0.1636,0.3663,0.1332
Andhra Pradesh,2021,0.3195,7.527348849,0.2373,0.0366,0.125,0.2545
Bihar,2021,0.5679,6.793782088,0.1848,0.1051,0.5042,0.2827
Jammu & Kashmir,2018,0.6316,6.172843087,0.1337,0.1935,0.1643,0.4175
Puducherry,2020,0.5004,6.314658181,0.0836,0.0646,0.3849,0.4767
Chandigarh,2023,0.5114,7.690073824,0.1925,0.0668,0.3336,0.3974
Uttarakhand,2022,0.42,8.009498118,0.1071,0.119,0.4118,0.4126
Telangana,2022,0.3423,8.166316175,0.0971,0.1567,0.3961,0.3713
Karnataka,2022,0.3295,8.158472571,0.1244,0.1531,0.5285,0.2182
Meghalaya,2020,0.3397,5.364824412,0.2146,0.1221,0.4454,0.1627
Maharashtra,2020,0.3998,6.977681219,0.1653,0.1997,0.1836,0.5875
Himachal Pradesh,2020,0.4446,5.23023504,0.1802,0.1642,0.6851,0.4178
Jammu & Kashmir,2023,0.4764,7.198115529,0.1122,0.1239,0.3095,0.4766
Himachal Pradesh,2019,0.365,6.766122005,0.0643,0.1059,0.5955,0.2167
Ladakh,2022,0.4974,8.550816731,0.1277,0.0805,0.2064,0.213
Punjab,2023,0.3846,6.40366005,0.1759,0.0921,0.1189,0.5699
Andhra Pradesh,2023,0.594,5.468268066,0.1814,0.0894,0.6581,0.1928
Assam,2022,0.4086,5.571966728,0.1847,0.0936,0.6233,0.2039
Kerala,2022,0.3547,8.046042527,0.1161,0.1525,0.6859,0.1038
Rajasthan,2023,0.6314,7.472872253,0.2229,0.168,0.1478,0.5318
Nagaland,2022,0.5986,5.404490704,0.2125,0.1891,0.5446,0.4109
Uttarakhand,2020,0.3853,5.336427224,0.1153,0.0341,0.3149,0.2911
Odisha,2022,0.6182,7.803876526,0.0756,0.0796,0.5206,0.2051
Kerala,2021,0.4034,5.291052025,0.1325,0.1497,0.1376,0.533
Uttarakhand,2022,0.5448,8.287440237,0.1938,0.155,0.6333,0.4126
Chandigarh,2021,0.5939,7.824968909,0.1578,0.1794,0.4118,0.2886
Mizoram,2019,0.6508,5.325395123,0.154,0.0643,0.3986,0.5395
Madhya Pradesh,2022,0.3023,5.339350856,0.2012,0.0341,0.1902,0.1162
Gujarat,2023,0.6958,8.946558314,0.0866,0.176,0.6683,0.1053
Lakshadweep,2023,0.3669,6.497083183,0.1625,0.1033,0.1151,0.4136
Lakshadweep,2022,0.5867,6.482568588,0.2233,0.0469,0.2948,0.1127
Rajasthan,2019,0.6305,8.251198269,0.1538,0.1754,0.3408,0.1151
Manipur,2022,0.4768,8.78899431,0.098,0.0954,0.5576,0.2074
Arunachal Pradesh,2018,0.5141,8.944004255,0.208,0.1087,0.3608,0.1666
Telangana,2019,0.3934,8.013512741,0.1941,0.1813,0.1722,0.534
Arunachal Pradesh,2019,0.4359,6.505038342,0.1782,0.1913,0.652,0.357
Madhya Pradesh,2021,0.3215,5.334002867,0.0798,0.1475,0.3919,0.313
Goa,2019,0.3597,8.108587664,0.2116,0.1603,0.2371,0.5451
Andhra Pradesh,2018,0.5372,7.233616999,0.0638,0.0676,0.2394,0.4154
Andaman & Nicobar Islands,2022,0.3756,6.696888037,0.1982,0.042,0.2757,0.537
Lakshadweep,2023,0.5617,8.62541754,0.1611,0.1166,0.296,0.2682
Himachal Pradesh,2023,0.4026,5.444789929,0.1737,0.0349,0.237,0.2183
Manipur,2022,0.4853,6.970500417,0.2165,0.0341,0.4441,0.5424
Jammu & Kashmir,2020,0.3721,5.045414579,0.1705,0.1005,0.2409,0.1482
Chandigarh,2018,0.4985,6.874642568,0.1942,0.1375,0.3892,0.1179
Uttar Pradesh,2021,0.342,5.225213103,0.2173,0.194,0.3456,0.3067
Tripura,2018,0.3662,5.475271665,0.0914,0.0892,0.425,0.306
Uttarakhand,2021,0.5731,5.470104987,0.2422,0.0361,0.1311,0.5957
Dadra & Nagar Haveli and Daman & Diu,2018,0.5134,7.596841208,0.1564,0.0955,0.3036,0.3472
Mizoram,2020,0.6427,7.984179517,0.1434,0.0744,0.6543,0.375
Nagaland,2021,0.6794,7.33347506,0.1784,0.1021,0.6112,0.2355
Tripura,2021,0.3603,8.848690194,0.2448,0.0401,0.5171,0.4896
Andaman & Nicobar Islands,2023,0.4413,6.499482318,0.0731,0.1885,0.313,0.1732
Maharashtra,2021,0.6072,6.142848345,0.1907,0.1248,0.4121,0.3992
Telangana,2020,0.3415,8.474396513,0.1706,0.0421,0.2025,0.229
Puducherry,2023,0.4791,5.894383354,0.1587,0.0941,0.5419,0.5222
Haryana,2021,0.3641,8.852890158,0.1682,0.1507,0.35,0.2681
Mizoram,2020,0.5219,5.048617899,0.0753,0.1649,0.6259,0.1307
Karnataka,2020,0.5692,8.879515307,0.1242,0.183,0.6784,0.4096
Gujarat,2021,0.6965,5.172639648,0.0595,0.1761,0.5685,0.3274
Andaman & Nicobar Islands,2018,0.5939,8.564572455,0.1053,0.0472,0.1821,0.4174
Manipur,2020,0.523,7.110804436,0.1317,0.1074,0.5741,0.432
Andhra Pradesh,2020,0.3453,8.971859184,0.1435,0.0943,0.4671,0.3407
Andhra Pradesh,2018,0.3443,5.295186259,0.1037,0.1608,0.375,0.4797
Karnataka,2022,0.413,7.215417138,0.2319,0.1838,0.1356,0.3253
Himachal Pradesh,2023,0.3009,8.877210142,0.0554,0.1982,0.1625,0.4936
Ladakh,2021,0.527,7.092391377,0.1324,0.0557,0.4906,0.1066
West Bengal,2022,0.5599,7.517594553,0.0557,0.1451,0.693,0.2927
Mizoram,2020,0.4697,7.782994756,0.1628,0.0783,0.5088,0.1085
Punjab,2022,0.5132,6.818164259,0.0638,0.1812,0.191,0.5472
West Bengal,2021,0.4642,7.51023232,0.2302,0.0741,0.6309,0.3262
Goa,2023,0.3305,7.337257248,0.2485,0.1778,0.3604,0.3389
Punjab,2023,0.6482,8.604632042,0.2436,0.1141,0.5694,0.3448
Nagaland,2020,0.6064,5.181785521,0.0607,0.1567,0.2992,0.3883
Andhra Pradesh,2021,0.4608,6.123852758,0.1069,0.0356,0.6265,0.5882
Tripura,2021,0.5478,8.801645936,0.1999,0.0831,0.3845,0.2457
Dadra & Nagar Haveli and Daman & Diu,2020,0.3858,8.561055136,0.1603,0.1882,0.2036,0.2259
Uttarakhand,2023,0.5137,6.822627011,0.179,0.1397,0.4528,0.1286
Jammu & Kashmir,2019,0.6505,7.480530391,0.2355,0.1091,0.1316,0.2171
Uttar Pradesh,2018,0.3035,6.109524732,0.1404,0.158,0.6551,0.3019
Rajasthan,2021,0.4407,5.752484639,0.0806,0.1125,0.2118,0.3338
Meghalaya,2021,0.3242,6.85479362,0.1443,0.0443,0.6572,0.4906
Telangana,2023,0.366,6.413408912,0.2092,0.0583,0.3604,0.4079
Nagaland,2018,0.3451,7.334624447,0.0548,0.1899,0.5812,0.5726
Jharkhand,2018,0.5525,5.310938548,0.236,0.0976,0.2641,0.5349
Puducherry,2019,0.411,8.897579231,0.1636,0.0944,0.44,0.4654
West Bengal,2018,0.3507,8.944842978,0.1753,0.1173,0.1281,0.5049
Haryana,2022,0.3809,7.792646856,0.1346,0.1487,0.1216,0.5385
Himachal Pradesh,2021,0.5223,7.144385465,0.0792,0.0408,0.3327,0.1273
Andhra Pradesh,2019,0.473,6.238110465,0.2138,0.1183,0.6048,0.52
Jharkhand,2018,0.441,8.255180079,0.1852,0.1315,0.5427,0.1175
Manipur,2022,0.6296,7.73892469,0.0633,0.0908,0.3207,0.2524
Arunachal Pradesh,2023,0.337,5.650467757,0.1133,0.0529,0.4781,0.1326
Himachal Pradesh,2018,0.3657,8.643708738,0.0502,0.1275,0.4094,0.1751
Assam,2022,0.5965,8.290148972,0.2203,0.0596,0.4335,0.1457
Uttar Pradesh,2018,0.6792,8.799199653,0.1834,0.0717,0.6407,0.1913
Arunachal Pradesh,2019,0.6429,7.902878034,0.2,0.1632,0.5083,0.1074
Mizoram,2022,0.5878,7.453660784,0.1367,0.1284,0.5495,0.4519
Goa,2021,0.3463,6.672972145,0.1936,0.1263,0.4574,0.4811
Bihar,2018,0.6977,8.730913933,0.2433,0.0632,0.2601,0.141
Odisha,2018,0.5044,8.464255558,0.2459,0.0418,0.3664,0.4107
Odisha,2023,0.6817,5.18087468,0.1801,0.1597,0.3843,0.5826
Assam,2018,0.3973,5.105467898,0.1147,0.06,0.2111,0.3699
Mizoram,2020,0.3743,6.505853468,0.0699,0.0931,0.2987,0.1806
Arunachal Pradesh,2021,0.6337,8.242213323,0.2291,0.1448,0.1143,0.2462
Uttar Pradesh,2018,0.4389,8.949104517,0.0717,0.0996,0.2167,0.4925
Uttarakhand,2021,0.4525,5.601667564,0.0772,0.1094,0.5837,0.4399
Puducherry,2018,0.3552,7.376522861,0.1174,0.071,0.2844,0.2486
Tripura,2018,0.6398,6.523563427,0.2333,0.0378,0.3046,0.1517
Madhya Pradesh,2021,0.5336,8.879657591,0.1075,0.0977,0.4788,0.5416
Chandigarh,2023,0.4171,8.368475693,0.1009,0.155,0.4442,0.1178
Ladakh,2022,0.5351,8.353314819,0.0771,0.1667,0.2327,0.5702
Rajasthan,2019,0.4179,6.874772639,0.0731,0.1416,0.5816,0.4757
Arunachal Pradesh,2018,0.6074,6.659278009,0.0902,0.1319,0.3443,0.5892
Assam,2020,0.3578,6.093628288,0.0542,0.1379,0.2351,0.1308
Manipur,2019,0.4442,5.225501987,0.1127,0.169,0.5868,0.5384
Goa,2020,0.6787,8.458889505,0.1387,0.1038,0.512,0.1688
Haryana,2022,0.6155,8.251604037,0.0659,0.0794,0.6475,0.5344
Jharkhand,2023,0.6493,8.998870693,0.2411,0.1641,0.6662,0.2028
Manipur,2021,0.4265,8.986547348,0.1854,0.1688,0.3513,0.3087
Nagaland,2020,0.5569,7.221726822,0.2044,0.0938,0.2068,0.2204
Mizoram,2023,0.324,8.075949661,0.0832,0.0641,0.4574,0.154
Goa,2020,0.5595,8.77906292,0.1079,0.0874,0.3795,0.1445
Bihar,2020,0.3888,8.398589563,0.1663,0.1826,0.4821,0.3399
Delhi,2022,0.3715,5.989392407,0.1497,0.1972,0.6533,0.269
Sikkim,2019,0.4397,6.802176541,0.2025,0.0608,0.208,0.5442
Goa,2018,0.5548,5.516637661,0.2295,0.1715,0.3128,0.4774
Nagaland,2020,0.3282,8.816204109,0.1044,0.1733,0.1096,0.1838
Uttarakhand,2021,0.4563,7.424698538,0.1005,0.1695,0.4039,0.4279
Uttar Pradesh,2018,0.4011,5.914571222,0.1363,0.0424,0.6417,0.2696
Odisha,2023,0.5836,7.686802738,0.1973,0.1877,0.4031,0.4065
Chandigarh,2023,0.6513,7.472512962,0.1172,0.1011,0.6823,0.1403
Uttarakhand,2020,0.4547,6.432650872,0.2406,0.1027,0.2204,0.4736
Goa,2021,0.4713,5.454230369,0.0706,0.036,0.2597,0.46
Bihar,2023,0.656,7.686292782,0.1015,0.0587,0.3856,0.5161
Rajasthan,2018,0.3187,7.081230804,0.0979,0.1094,0.6433,0.2013
Assam,2020,0.5888,8.089273567,0.1824,0.1058,0.3095,0.3025
Uttar Pradesh,2021,0.682,7.080654004,0.1503,0.081,0.1113,0.5923
Meghalaya,2019,0.4991,8.408726001,0.2284,0.0463,0.2288,0.4474
Tripura,2019,0.3305,7.207627355,0.1251,0.1869,0.3579,0.3906
Maharashtra,2018,0.4788,7.243751886,0.1102,0.1249,0.3614,0.2413
Chhattisgarh,2021,0.5146,8.506614411,0.0814,0.1017,0.4289,0.2479
Gujarat,2020,0.3839,6.613931465,0.1187,0.1338,0.594,0.5578
Himachal Pradesh,2019,0.5296,5.536060914,0.1705,0.1846,0.2991,0.4014
Tripura,2023,0.3593,5.115130705,0.0863,0.066,0.5713,0.4004
Sikkim,2021,0.3856,8.020549023,0.1553,0.1246,0.3769,0.401
Jharkhand,2022,0.6678,7.481238205,0.1983,0.1201,0.221,0.5799
Assam,2019,0.3068,7.816319072,0.1061,0.1279,0.3189,0.3773
Dadra & Nagar Haveli and Daman & Diu,2020,0.6096,5.851856646,0.0756,0.1933,0.484,0.2052
Punjab,2020,0.5288,5.545485902,0.2238,0.1044,0.5157,0.4001
Uttar Pradesh,2023,0.3542,5.058178663,0.2469,0.0973,0.3841,0.3469
Tripura,2021,0.6969,6.402350235,0.2331,0.0643,0.1654,0.3983
Uttarakhand,2020,0.4087,7.359670747,0.0995,0.0531,0.2712,0.5692
Uttarakhand,2022,0.377,6.56897618,0.2479,0.1866,0.6598,0.4985
Chandigarh,2021,0.399,6.749899688,0.2107,0.059,0.5019,0.4256
Himachal Pradesh,2020,0.4899,8.616634778,0.1574,0.1238,0.4199,0.4225
Jammu & Kashmir,2019,0.5681,6.393021868,0.1862,0.1917,0.4677,0.5944
Karnataka,2022,0.4533,7.055957957,0.2044,0.057,0.6185,0.3822
Gujarat,2019,0.5346,8.134612051,0.0501,0.0305,0.6883,0.1163
Uttarakhand,2019,0.6025,6.586171129,0.1692,0.0502,0.2611,0.1868
Tamil Nadu,2022,0.4357,7.488346801,0.2164,0.085,0.6394,0.1214
Himachal Pradesh,2023,0.6606,8.449454835,0.0639,0.0744,0.2619,0.5746
Ladakh,2022,0.6802,8.798082495,0.1889,0.1662,0.1446,0.3855
Andaman & Nicobar Islands,2020,0.6262,5.588293924,0.2153,0.1007,0.4853,0.3274
Gujarat,2021,0.389,8.706350501,0.1306,0.1698,0.5769,0.5402
Tripura,2023,0.4952,6.968465172,0.1963,0.1715,0.5217,0.1795
Tripura,2018,0.4045,6.032977553,0.1857,0.1026,0.3066,0.494
Arunachal Pradesh,2023,0.6192,6.836543025,0.0657,0.0747,0.125,0.3062
Assam,2022,0.3705,8.920130301,0.1929,0.1257,0.2362,0.344
Nagaland,2018,0.4155,6.970472376,0.1197,0.0635,0.3174,0.2119
Andhra Pradesh,2021,0.4101,6.315006441,0.1916,0.1813,0.6989,0.2449
Tripura,2023,0.6746,7.533603417,0.1758,0.0412,0.4371,0.3593
Madhya Pradesh,2022,0.642,5.960582475,0.0667,0.1671,0.4506,0.3028
Madhya Pradesh,2019,0.4835,5.303453312,0.0776,0.0957,0.2297,0.3322
Chandigarh,2019,0.687,5.515518888,0.1668,0.0438,0.5904,0.586
Odisha,2023,0.4252,5.512183356,0.0686,0.1018,0.1032,0.2855
Uttar Pradesh,2019,0.5679,5.607610774,0.1279,0.1133,0.4925,0.2942
Assam,2023,0.3477,5.555308691,0.22,0.1751,0.3302,0.1575
Assam,2018,0.3465,7.563498979,0.2308,0.0896,0.4868,0.5551
Nagaland,2023,0.4085,5.727520338,0.0635,0.0977,0.2572,0.3401
Assam,2022,0.6604,6.382669133,0.2451,0.1925,0.6242,0.5107
Madhya Pradesh,2019,0.5003,8.58715364,0.1501,0.0934,0.422,0.3998
Rajasthan,2018,0.3965,6.895846561,0.1638,0.0407,0.2755,0.1096
Telangana,2018,0.4418,7.670230954,0.1574,0.1278,0.4061,0.3959
Madhya Pradesh,2022,0.3505,5.689279485,0.2066,0.048,0.5781,0.4366
Odisha,2020,0.47,5.769156075,0.0984,0.1141,0.6306,0.4696
Delhi,2022,0.4582,5.163474465,0.2223,0.0472,0.6065,0.3046
Kerala,2020,0.5754,5.675740252,0.2305,0.1998,0.6151,0.2479
Lakshadweep,2021,0.6239,6.114361356,0.069,0.0891,0.615,0.5572
Dadra & Nagar Haveli and Daman & Diu,2022,0.5773,5.708041937,0.1817,0.1029,0.2093,0.5589
Delhi,2021,0.3571,5.354810135,0.1647,0.1824,0.4853,0.1174
Assam,2020,0.4312,5.482543484,0.1114,0.0822,0.2524,0.5069
Jammu & Kashmir,2023,0.4312,6.843115072,0.2237,0.0708,0.3766,0.3827
Punjab,2022,0.698,5.825334874,0.2387,0.0432,0.6606,0.2331
Arunachal Pradesh,2020,0.6173,6.457079444,0.2181,0.1292,0.5222,0.4421
Haryana,2023,0.404,7.013669083,0.2027,0.1281,0.341,0.3293
Sikkim,2021,0.3447,7.761579315,0.117,0.1348,0.1948,0.5084
Gujarat,2022,0.4686,5.157248559,0.1124,0.0403,0.5159,0.3867
Gujarat,2019,0.3797,8.197641596,0.0872,0.1066,0.4711,0.2044
Chhattisgarh,2019,0.5788,7.511601558,0.2365,0.13,0.4889,0.4189
Andaman & Nicobar Islands,2022,0.6962,5.327036128,0.2057,0.0992,0.3342,0.439
Karnataka,2019,0.3538,8.494314496,0.2378,0.08,0.1265,0.4268
Bihar,2022,0.3016,8.683489602,0.0536,0.16,0.5907,0.5143
Uttarakhand,2018,0.6435,5.244311839,0.1927,0.1012,0.565,0.5303
Gujarat,2022,0.6489,6.107510593,0.2171,0.1657,0.4538,0.2115
Dadra & Nagar Haveli and Daman & Diu,2019,0.6028,8.224805119,0.1411,0.0416,0.2596,0.4531
Andhra Pradesh,2021,0.5814,7.993038762,0.084,0.0331,0.3146,0.5817
Madhya Pradesh,2023,0.4287,5.738084077,0.226,0.0609,0.4439,0.1185
Dadra & Nagar Haveli and Daman & Diu,2019,0.3623,5.837397293,0.1596,0.0765,0.6611,0.1493
Mizoram,2023,0.4785,6.481888411,0.0775,0.0818,0.515,0.102
Karnataka,2023,0.3747,6.938091941,0.1475,0.114,0.2585,0.4377
Rajasthan,2021,0.5123,7.473019086,0.0521,0.1218,0.1735,0.42
Delhi,2020,0.4419,6.475654558,0.1874,0.17,0.5861,0.5607
Meghalaya,2023,0.534,6.850138865,0.1638,0.173,0.4377,0.3127
Madhya Pradesh,2022,0.6941,7.989883753,0.1718,0.1243,0.2755,0.1247
Andaman & Nicobar Islands,2018,0.3883,5.146732812,0.0725,0.1843,0.2721,0.4362
Chhattisgarh,2018,0.5453,6.009747777,0.2248,0.1273,0.6394,0.4987
Maharashtra,2021,0.5653,7.853398344,0.1787,0.0467,0.6802,0.5504
Andaman & Nicobar Islands,2021,0.6359,8.580827351,0.0682,0.1022,0.2721,0.2121
Manipur,2023,0.6295,7.046709768,0.1185,0.1932,0.4253,0.2874
Chhattisgarh,2021,0.447,7.128453941,0.1774,0.1749,0.1563,0.4825
Dadra & Nagar Haveli and Daman & Diu,2021,0.3702,5.428688045,0.2492,0.1049,0.4306,0.3829
West Bengal,2021,0.3451,6.789649467,0.1016,0.1477,0.4531,0.3033
Andaman & Nicobar Islands,2022,0.571,7.130469066,0.0884,0.0699,0.1592,0.1654
Lakshadweep,2018,0.6822,5.969882015,0.2103,0.1825,0.6715,0.3569
Andhra Pradesh,2019,0.6856,6.076972924,0.1298,0.1413,0.5475,0.5155
Punjab,2018,0.4412,6.509136652,0.0686,0.1778,0.1811,0.4353
Delhi,2021,0.4466,5.080284791,0.2466,0.0824,0.6345,0.4769
Jharkhand,2021,0.5184,6.288316662,0.2107,0.0516,0.2638,0.1717
Jharkhand,2023,0.4989,5.845792028,0.0625,0.1579,0.4868,0.4504
Tamil Nadu,2020,0.3738,6.309989409,0.1169,0.1037,0.4396,0.1208
Uttarakhand,2019,0.6633,5.479048527,0.2395,0.1068,0.2938,0.3526
Haryana,2018,0.3185,8.562109123,0.1,0.0448,0.4131,0.4282
Andaman & Nicobar Islands,2018,0.3597,7.374369814,0.133,0.1037,0.5658,0.1379
Karnataka,2018,0.3368,7.716409277,0.105,0.056,0.6766,0.1789
Uttar Pradesh,2019,0.3504,8.156684954,0.0797,0.0793,0.1769,0.3536
Punjab,2023,0.4899,6.993768796,0.052,0.0421,0.3956,0.3465
Uttarakhand,2018,0.3439,5.347681152,0.069,0.0435,0.6845,0.414
Manipur,2021,0.3575,7.148426167,0.1207,0.0678,0.3534,0.5636
Uttarakhand,2018,0.4228,7.347364472,0.229,0.0453,0.4982,0.1712
Telangana,2021,0.5176,7.981757897,0.1034,0.0768,0.4668,0.5046
Tripura,2021,0.594,6.726638185,0.1175,0.1556,0.3293,0.1436
Dadra & Nagar Haveli and Daman & Diu,2021,0.6106,5.510321211,0.2064,0.0544,0.5719,0.1833
Madhya Pradesh,2020,0.4584,6.135103623,0.2357,0.1841,0.1156,0.2412
Manipur,2021,0.3265,6.452329186,0.0819,0.0615,0.6778,0.3895
Gujarat,2022,0.4063,7.583668965,0.0513,0.1375,0.4312,0.5387
Gujarat,2018,0.3499,7.283113219,0.1642,0.0443,0.1489,0.5787
Puducherry,2021,0.6025,6.424386904,0.0918,0.0561,0.569,0.2076
Goa,2020,0.6312,8.946060995,0.2473,0.117,0.4784,0.3778
Assam,2019,0.6603,7.423099277,0.2369,0.1022,0.1088,0.4218
Chhattisgarh,2022,0.6498,5.948907167,0.0529,0.1497,0.5002,0.3731
Lakshadweep,2020,0.4185,5.40712989,0.1307,0.0849,0.3339,0.2777
Jammu & Kashmir,2019,0.4996,5.611436557,0.2181,0.1975,0.1219,0.3046
Odisha,2022,0.5196,5.983830914,0.0776,0.0347,0.1898,0.2816
Bihar,2019,0.5897,5.642725493,0.2024,0.0416,0.3164,0.4511
Uttar Pradesh,2021,0.6079,5.746268096,0.1595,0.1713,0.6765,0.2063
Kerala,2018,0.4753,6.140380675,0.0954,0.081,0.684,0.2137
Sikkim,2022,0.4137,5.693494381,0.1691,0.0512,0.5088,0.396
Manipur,2021,0.4093,8.587061699,0.1112,0.1322,0.637,0.5934
Delhi,2019,0.5198,5.320934983,0.0687,0.0753,0.6815,0.5147
Manipur,2018,0.6001,7.098045558,0.1437,0.1503,0.1386,0.4994
Sikkim,2019,0.6904,6.641587308,0.0927,0.1814,0.4594,0.3152
Jharkhand,2023,0.5295,8.929514468,0.137,0.0698,0.6484,0.1537
Karnataka,2020,0.3825,5.448155609,0.1448,0.1377,0.6278,0.4233
Andhra Pradesh,2018,0.6286,6.591422396,0.0764,0.0464,0.4396,0.5097
Karnataka,2018,0.5542,8.877881733,0.2197,0.1297,0.3566,0.5874
Dadra & Nagar Haveli and Daman & Diu,2020,0.4389,8.462028504,0.0616,0.096,0.3052,0.4937
Maharashtra,2019,0.6582,8.268288284,0.0894,0.1645,0.5769,0.1837
Ladakh,2019,0.5482,6.031611308,0.2306,0.1588,0.6066,0.5102
Uttar Pradesh,2021,0.5548,5.68355035,0.0525,0.168,0.188,0.3846
Dadra & Nagar Haveli and Daman & Diu,2022,0.3526,7.67457288,0.0815,0.0894,0.3038,0.1555
Tripura,2023,0.614,8.717503957,0.1426,0.0838,0.3197,0.399
Andaman & Nicobar Islands,2023,0.67,7.227051572,0.1754,0.1758,0.5229,0.4476
Chhattisgarh,2022,0.678,7.286450758,0.1146,0.1149,0.2801,0.4788
Madhya Pradesh,2018,0.301,6.119916375,0.1684,0.1831,0.4435,0.385
Bihar,2023,0.4745,8.077971733,0.082,0.1179,0.61,0.414
Uttar Pradesh,2023,0.4386,5.748174994,0.1778,0.0451,0.2444,0.5568
Manipur,2020,0.402,6.294716946,0.118,0.0496,0.4275,0.322
Assam,2018,0.3278,6.701745754,0.1758,0.0487,0.2615,0.3061
Dadra & Nagar Haveli and Daman & Diu,2018,0.4427,7.030441515,0.1721,0.0694,0.5095,0.1525
Goa,2019,0.5521,5.96963893,0.2017,0.1529,0.5694,0.5464
Sikkim,2018,0.6787,5.459347299,0.1445,0.1619,0.2693,0.178
Kerala,2018,0.4195,7.44248017,0.1321,0.1516,0.2277,0.2968
Gujarat,2023,0.4395,6.154522213,0.0628,0.0741,0.505,0.5486
Arunachal Pradesh,2021,0.5348,7.324952886,0.0638,0.1752,0.6321,0.5792
Bihar,2023,0.6215,5.617450861,0.0893,0.0427,0.3062,0.1981
Himachal Pradesh,2018,0.6257,6.924560407,0.1234,0.0783,0.4852,0.1399
