stn_code,monitoring_location,year,type_water_body,state_name,temperature_min,temperature_max,dissolved_min,dissolved_max,ph_min,ph_max,conductivity_min,conductivity_max,bod_mg_min,bod_mgl_max,nitraten_mgl_min,nitraten_mgl_max,fecal_coliform_mpn100ml_min,fecal_coliform_mpn100ml_max
STN0103,Pond,2020,Brackish,StateD,18.34627151,30.52805322,2.597263663,8.212825998,6.743593916,7.542818761,124.1896327,182.9330885,1.547280836,3.504610967,,10.21377021,75.47263536,347.2358176
STN0436,Canal,2022,Brackish,StateA,2.736372618,34.63179044,1.609664053,7.106240266,6.506266059,7.993390846,134.8425379,,1.975668637,5.637990647,1.422706928,13.96574658,82.70330606,805.1608704
STN0349,Reservoir,2015,Brackish,StateA,19.00474708,21.63259964,4.969934009,8.180886824,6.634104031,7.568548186,92.2629197,242.4450729,1.164544649,4.67112154,2.215168532,6.962943023,7.962287889,579.3263567
STN0271,Reservoir,2024,Brackish,StateA,8.920115459,21.20704168,4.708003872,8.92825809,6.070932216,7.267656726,80.29309056,233.5317665,1.919168114,3.694141909,3.085529722,5.225645117,54.79761989,380.6316417
STN0107,Canal,2006,Marine,StateC,3.702658577,24.94206468,3.159828521,,6.254391581,8.259115394,82.5295134,212.3662655,,4.507281861,4.249796653,13.61664885,191.1298935,693.2975825
STN0072,Reservoir,2012,Brackish,StateC,10.83801895,,4.368133178,,6.361853093,,121.2621333,214.34165,2.644762422,5.194459079,0.981228584,,190.7265216,232.2670817
STN0189,Canal,2020,Brackish,,17.45891672,,,9.199011428,6.472493355,8.497290468,131.6779467,231.1357506,1.113957454,5.874354027,0.627748949,13.90658455,70.46541085,460.9362033
STN0021,Lake,2009,Freshwater,StateB,14.64449773,24.38427975,3.494342752,,6.045648746,7.635173591,68.16139678,254.4644711,1.83721455,3.661338013,4.817399737,10.96945223,8.62002179,574.8455957
STN0103,Canal,2006,Marine,,16.13122296,39.51730512,1.356497728,7.859361356,6.140024098,,87.09410082,255.3219144,1.916862848,5.658545316,0.540222797,13.1016109,35.81898787,318.3666673
STN0122,Canal,,Marine,StateB,13.17566733,26.73791584,4.021081682,7.938846804,6.276814308,8.022258278,140.1940197,,2.450012153,5.802912343,2.392455351,9.296733634,78.44355869,987.7235821
STN0467,Reservoir,2004,Marine,StateA,13.84553129,23.64235831,1.510853935,5.922381266,6.971532691,7.093703817,130.669352,225.0169128,2.14857515,,2.927818644,12.49859931,189.5559396,367.2778917
STN0215,Reservoir,2002,Brackish,StateA,16.98391303,35.79397014,4.304270521,6.811177208,6.331347007,7.552339116,148.4858403,211.7937143,2.334424674,4.906243071,2.706872105,14.13041467,28.23981271,304.282504
STN0331,River,2022,Brackish,StateC,4.993360177,33.17415551,4.128112351,6.672556444,6.482041058,8.413952975,125.424826,280.5790449,2.554098571,4.889461963,0.430160785,10.72122964,152.7031687,362.8278991
STN0459,River,2010,Brackish,StateA,9.788499273,29.96391433,3.834978791,5.130983543,6.196097713,,89.3195201,244.7128382,2.724405947,4.2096319,,6.807851506,21.73650787,815.2489065
STN0088,,2010,Freshwater,StateD,4.424188836,31.10727102,1.144641522,,6.610780071,8.678676985,109.0637834,229.87561,1.627750993,5.257193647,0.527417137,7.68797615,196.2515155,540.4045274
STN0373,River,2017,,StateA,19.75336016,34.38403557,2.212513424,9.158485218,6.280683216,7.007639845,116.1014254,167.3091963,2.076045411,4.593882055,2.927938419,6.986445769,76.32329982,652.3327518
STN0100,Canal,2014,Freshwater,StateA,18.88118679,,2.05245028,6.36535405,6.206992578,7.493647738,57.84558163,240.8456834,2.680216157,5.032314214,2.721724438,7.468570276,155.0469078,216.8073256
STN0360,Reservoir,2011,,StateD,0.788536227,39.92667832,2.44054563,7.590393831,6.516572628,8.481808112,104.4496959,167.5805859,,4.285373712,1.16870396,8.064154494,68.51821656,227.5450469
,River,2008,,StateB,14.11150345,39.49586324,1.350570987,6.493627868,6.005505799,7.632540299,120.9320828,200.5809863,2.779038622,5.194489392,3.188870709,10.55133787,125.5337754,556.6604399
STN0131,River,2009,Freshwater,StateB,18.50496635,33.00651373,,9.703396226,,7.203784776,66.7321304,171.4262947,1.742934525,5.473414553,4.10033751,,38.40321695,
STN0150,Lake,2011,Freshwater,StateD,3.611506903,23.99084902,3.215208963,6.296483794,,7.720467838,128.0631717,,1.390333034,3.43930877,0.207894799,9.264997472,29.20420386,908.191103
STN0309,Lake,2016,Brackish,StateC,11.35890461,,,7.148284064,6.036721363,7.540786573,108.3772781,180.9378171,1.978785075,,2.490649718,11.1542078,187.6128279,269.3652541
STN0258,Canal,2005,Marine,StateA,18.30976595,21.44396818,2.587926068,9.363651252,6.108025754,8.685423804,,208.778906,2.483282904,4.620889595,3.446552061,5.815749256,183.5294556,
STN0344,Reservoir,2006,Marine,StateD,0.678919572,20.61305004,2.788810162,9.209667834,6.338860649,7.626695835,54.24222982,284.3512166,1.985138142,5.533997727,1.261559635,5.877882371,177.493788,930.583749
STN0492,Lake,2013,Marine,StateA,13.94840534,25.15365777,3.402377333,5.930507089,6.80258568,8.577864944,76.53261376,180.6474575,1.966361727,4.293905119,1.538854526,6.718294604,125.08669,510.3782035
STN0414,River,2012,,StateC,5.946980147,29.25245913,3.062717711,9.013216549,,8.78374429,110.1553879,226.1707596,2.676460842,4.137121456,3.068189515,10.18077498,161.6536422,863.6526651
STN0294,Reservoir,2007,Freshwater,StateA,,37.36545011,4.677567893,7.290934434,6.512667726,7.867634839,,212.8907492,1.722807558,5.745182198,4.489676467,7.139946787,13.80738738,306.9565235
STN0386,Reservoir,2009,Freshwater,StateD,19.4211649,34.5433814,2.987853932,7.41484436,6.293488823,8.819886288,121.4424164,152.7186062,2.71958935,3.753507803,4.049622102,7.832844035,66.95780838,948.3155917
STN0192,River,2008,Freshwater,StateA,18.88532978,34.85413042,4.968632059,5.667399862,6.931753719,7.754636108,125.9005283,268.913717,1.813609602,5.532636976,2.915651095,9.003128362,62.74062495,801.138654
STN0444,Lake,2017,Marine,StateB,9.484284333,28.50986669,4.405699831,5.403007569,6.397015041,8.928156833,,160.3568859,1.656466211,4.452061718,,13.11866124,127.1290644,953.0675142
STN0277,River,2001,Brackish,StateC,17.24085302,26.91869985,1.834042057,8.639696535,6.087092767,7.178579049,101.3854464,221.1382531,1.907979822,4.542286328,1.824112351,,71.19155469,
,Reservoir,2004,Freshwater,,16.89098797,,4.722380859,7.482305762,6.617066516,8.374038533,100.8890556,234.1017442,,3.925404844,3.20482764,11.4937882,29.70135633,490.7231456
,Pond,2004,Freshwater,StateC,6.382009465,39.75299127,1.465465592,7.184253513,6.113838393,7.987628081,86.92807702,244.2639685,1.252004056,4.719126602,2.330907956,11.68876531,119.2934151,950.544938
,,2005,Marine,StateD,16.57830948,20.80218383,,8.647541143,,7.775297611,143.2924863,,1.392838432,3.975633589,0.949680682,12.9865578,162.8767841,420.453421
STN0022,Canal,2018,Brackish,StateC,0.740152694,37.34062992,,8.827564495,,8.265423757,132.750632,187.9908575,2.902889651,3.117808243,,14.32752939,76.42469889,465.7380176
STN0253,River,2007,Brackish,StateB,11.92539757,31.57350817,4.511897282,,6.874222525,8.407714183,,151.4968165,1.350983255,,,5.201378489,26.45374302,760.6467344
STN0236,River,2015,Marine,StateD,4.600176746,28.77230838,4.47222676,8.051125747,6.49354658,7.008726539,121.4326636,258.5165494,2.135454636,3.01913713,1.79310791,6.537837055,39.33763946,812.2530396
STN0345,Canal,2012,Marine,StateB,2.411337716,34.50515321,4.2237016,5.676770411,6.702258766,7.333906177,,230.3484899,2.158628933,5.935064361,4.55669595,13.86171294,47.49666103,943.5227871
STN0049,Canal,2000,Brackish,StateA,1.539064033,29.73337883,4.160121745,8.75687543,6.992816839,8.426092101,142.0994521,,1.979248924,,0.104670589,9.585185622,59.9795186,
STN0475,Canal,2021,Freshwater,StateA,,37.46846476,2.218716556,8.284775781,6.13148912,8.332770827,,273.2082544,,4.185465892,1.578865756,10.64590639,128.5590141,838.3984282
STN0059,Reservoir,2019,Brackish,StateA,6.797499275,38.01403728,1.323677132,9.783073105,6.274731526,8.93209501,122.8981062,276.4989252,1.459653452,5.185112563,0.284406989,,120.1890969,790.8368427
STN0170,River,2016,Marine,,14.49533543,,2.611920715,5.344790082,6.394576076,,136.1690904,222.764199,2.105324536,4.037418295,3.832636581,11.79066604,,251.035645
STN0476,Reservoir,2006,Freshwater,StateB,1.307126816,25.53655594,1.69409806,5.285273606,6.421828179,8.901545415,77.40715893,,1.74434651,5.013279471,3.510537271,14.31740403,72.50039691,509.778513
STN0188,Canal,2024,Freshwater,StateD,6.305806757,31.84700657,3.779804356,6.410935373,6.411021075,8.405081003,,268.7337304,2.323334519,5.416290129,1.656761094,14.96949417,164.7995304,426.2123656
STN0464,River,2012,,StateD,10.78982585,38.24726691,,6.308528419,6.907611003,7.596104417,69.5240603,217.694117,1.282447087,5.840268734,3.378314511,,40.81753223,443.5923395
STN0271,Reservoir,2003,Marine,StateC,15.8144633,24.21324378,4.902440803,6.234893995,6.714032644,7.210729845,84.53419522,177.5163295,2.141754834,4.200636828,1.979686131,,,986.3575036
STN0190,Reservoir,2003,Marine,StateB,6.375050059,32.45933167,3.563888309,9.531272903,6.607905214,8.563647727,83.56104543,278.2461029,1.370540711,5.349893949,3.781268957,13.79752402,160.1877443,
STN0446,Canal,2005,Brackish,StateA,12.51782753,32.6312044,4.289922255,,6.309372718,,147.8525468,282.3839815,1.557286126,3.797785352,2.270918314,5.492209145,36.03172955,774.1409262
STN0175,River,2018,Brackish,StateB,17.71955496,34.66226045,1.530098691,6.359748631,6.823790384,7.096372025,135.6537224,219.9464634,1.437419601,5.970996911,,7.310808529,21.97262275,
,Canal,2011,Freshwater,,12.31726376,22.6313537,4.448057929,8.796991312,6.955060511,7.720100932,120.1169862,161.3549591,1.36567556,3.077308796,4.673649577,13.97385717,176.7367935,501.761426
STN0051,River,2021,Marine,,4.659189495,34.31649929,4.691028762,7.248699212,6.821198283,8.913599631,122.7056762,208.1739135,2.651421903,4.81058642,1.254395499,7.561915144,68.58593255,841.4721348
STN0364,Pond,2006,Freshwater,StateB,0.488015631,38.18065041,2.948247675,8.883552785,6.001565105,8.000802291,106.2072794,270.5306489,1.571415135,4.978517945,0.6022367,7.206510596,,547.6247706
STN0055,Lake,2009,Freshwater,StateB,17.40197748,23.59366218,3.425011751,5.326830788,6.63640137,7.865458272,,285.2661043,2.854247564,5.064136671,2.922715566,6.381252931,5.069720853,895.6269375
STN0244,,2018,Freshwater,StateB,0.425388217,24.7508665,4.059239204,7.437855968,6.051135381,7.91539921,99.62587529,180.5209114,,3.361162736,4.846609061,13.59111758,138.0093777,
STN0320,Lake,2006,Freshwater,StateD,17.49403345,39.42790188,,5.168068001,6.25760722,7.417765448,88.05177099,160.0460418,2.14252094,5.81558935,1.889196069,10.00058259,63.22026231,
,Canal,,Marine,StateA,10.57874268,23.61953905,3.010264306,5.313266017,6.0595247,7.737414342,66.30353369,281.602568,,3.543549837,,11.74893203,,375.0173667
STN0485,Pond,2012,Freshwater,StateB,18.78135397,37.08770187,2.594652111,9.532187267,6.603795453,,128.6205652,208.4107408,1.749096487,4.86826021,1.696526337,7.390663841,121.9625523,460.9764056
STN0307,River,2012,Marine,StateB,15.97566472,29.84555713,1.585495969,5.696226856,6.686589913,,123.4443932,231.2641446,2.595464527,3.668028237,2.529658272,12.58040421,48.16076321,804.9537873
STN0135,Reservoir,2017,Marine,StateB,19.95868221,24.94462149,2.470137689,7.662103411,6.114487638,8.535135257,88.43550385,295.2098718,1.734781457,3.921649251,0.809615033,12.60005545,77.36144841,515.0041133
,River,2019,Brackish,StateC,7.014236309,37.41499803,1.272689238,7.055478013,6.383838883,7.833008864,52.5193414,159.9847092,1.174034437,4.639375625,3.29051109,8.125980249,16.11616246,686.5691014
,,2007,,StateC,15.34376578,28.9061051,1.103247628,6.736716631,6.456236509,8.644359774,133.8997328,247.2477011,2.113569822,4.251580256,4.988746945,,29.43265022,555.6588009
STN0167,River,,Brackish,StateD,8.038618272,30.29634708,1.540665157,9.499166728,,8.700696002,51.14179835,161.1158134,2.690241703,3.480676803,2.25869738,7.096902774,59.5954471,793.8959497
,,2006,Marine,StateA,,27.18466739,4.852460446,5.109116984,,7.423988109,120.369978,206.3203393,2.591852774,3.512809207,1.773642784,14.76561023,,382.6650019
STN0388,Reservoir,2000,Marine,StateD,12.55010926,31.85901703,3.198118144,8.318948431,6.41894779,8.314706964,147.025711,270.5721818,1.35024628,4.254434364,2.003520834,11.45602577,,246.7663898
STN0089,Canal,2002,Marine,StateA,17.47354228,23.27047745,4.863288645,9.816972171,6.751178048,7.944563608,93.76613281,215.0208349,2.345529229,,0.575730892,14.34543881,1.209408637,439.943518
STN0316,River,2012,,StateC,19.68166938,27.82163073,2.729991513,,6.071007665,8.760313476,73.4973405,,1.441008527,5.693893941,,8.033855436,96.77204377,579.4469319
STN0014,River,2024,Brackish,StateC,,39.38824645,2.247264532,9.68411231,6.080180014,7.431481358,120.487101,233.8588927,1.436415069,3.252382987,2.074128278,12.81890913,24.64949163,334.4160418
,Reservoir,2016,Freshwater,StateC,,25.16266865,3.024567451,5.261289396,6.354771292,8.355626401,131.7128142,198.1743229,2.748143547,4.179311723,1.936372057,12.65858644,61.5358179,483.8378317
STN0265,Canal,2024,Brackish,,8.427140046,33.13473329,2.758046755,7.093966595,6.941725712,8.215504245,104.6430316,183.0166989,1.499337905,3.300736691,3.298451365,11.91655652,185.211912,
STN0346,Canal,2023,Brackish,StateB,14.75164603,26.50380128,1.422658737,6.300788955,6.668572647,7.590602955,146.7035275,202.5780801,,3.049777442,2.210167105,14.65638975,,245.913475
STN0053,Pond,2000,Brackish,StateB,4.775542915,35.46946251,3.563305259,8.654104825,6.678669957,7.273201807,55.16687217,205.8799911,1.001306782,4.985156048,3.241167344,8.935553361,,666.6457985
STN0386,Canal,,Brackish,StateC,2.209482263,22.61747321,1.86415273,9.906485452,6.361919991,8.303279521,100.4795598,160.3070517,2.741338068,4.807348326,,6.307173236,41.1588754,907.4747424
STN0340,Canal,2020,Freshwater,StateB,7.092443153,39.3964209,3.47835182,6.282650312,6.593660791,8.477194916,121.8453947,205.4361299,2.585189626,3.489057341,,11.71708859,148.3132217,321.3943304
STN0092,Canal,2005,Brackish,StateB,,29.07579083,3.60080437,8.270873007,6.010131184,7.631254688,136.2640471,219.635778,2.25465787,3.701438499,4.702519764,12.293098,109.335453,678.2464107
STN0367,Lake,,Marine,StateD,5.926162409,24.72100927,1.608099413,5.990488164,6.636096046,8.289665208,67.92556119,258.4106628,2.500531528,3.071123261,3.243826931,10.75060573,176.8957455,731.7913639
STN0444,Pond,2012,Marine,,4.672155021,21.46993495,1.245398508,7.826651273,6.913286948,7.790261815,130.0003482,248.5094227,1.304097135,5.504841617,,,110.7986511,535.4677443
STN0455,River,2012,Brackish,StateC,0.841863793,23.3951581,4.123046344,7.319662433,6.612573468,8.426413767,105.2707076,256.3148483,1.916647189,5.924071788,0.757161572,,106.9118438,760.8780699
,Reservoir,,Brackish,StateC,,30.39547897,2.839201695,9.860026648,6.873698593,,89.6553682,151.2545523,1.702438775,3.40637861,2.387080947,8.121897366,39.09160007,528.5852348
STN0264,River,2020,Marine,StateD,19.75444779,26.74006353,1.232655182,8.042636363,,8.780430005,,,,3.694425641,3.00903367,9.274665282,33.24587241,603.7098304
STN0431,Pond,2015,Marine,StateD,8.555462675,36.57766732,,6.74753186,6.120558416,7.574819193,136.5295759,249.2526433,1.97226097,5.605228572,2.908683237,11.45218576,183.2978302,205.8824356
STN0035,Reservoir,2021,,StateB,7.686532943,28.61775047,1.231122244,5.570478924,6.902453307,7.735571976,65.72732082,222.5984052,2.841479301,,2.007308895,12.45214743,65.56763977,753.3760913
STN0206,Pond,2020,,StateC,13.59294565,24.97428545,3.780140915,5.756234144,6.066443844,7.116183904,80.97878592,150.7970214,1.080118238,4.258882148,1.690422047,7.322246909,74.41645099,729.0741432
STN0081,Canal,,Marine,StateA,,32.34289973,4.934715701,6.12658465,6.533967473,7.223024425,79.0045532,270.6741964,1.582921827,,0.634120113,9.053253606,151.9647317,230.7207019
STN0420,Reservoir,2004,Brackish,StateD,18.99922368,34.13554434,,6.254833307,6.142137124,8.031723805,,265.921436,1.415081872,3.118175501,1.958712253,7.69161571,67.76469648,494.6000859
STN0050,Canal,2003,Marine,,15.72690029,23.34083816,,9.253080289,6.011706611,7.535185353,117.2702994,232.2628744,1.476293307,4.721849598,,6.986316139,190.4124893,983.2254726
STN0360,River,2002,,StateA,1.788220046,,1.485539758,7.806113941,6.42203426,8.670960451,129.6681397,,,4.178685327,3.671828382,12.8338722,147.5855538,536.5892501
STN0388,River,2018,Marine,StateC,8.351615516,20.73342854,2.21310059,7.616954557,6.295040708,7.029386777,75.04678988,264.9772574,1.936138108,3.085957283,1.044154677,14.09252694,119.4858485,601.5563241
STN0002,Reservoir,2019,,StateC,17.58236615,34.7280403,1.404183244,5.573844359,,7.758188097,112.48741,237.5570382,1.932598826,4.749757177,0.292826526,,176.1790321,927.9441265
STN0390,Reservoir,2024,Brackish,StateD,18.89464045,33.27609055,3.768645367,9.300698467,6.577199887,7.674691094,107.1745983,267.2939966,2.521151285,,2.761830689,12.51278924,9.92118167,773.8095007
STN0054,Pond,2017,Marine,StateC,9.348030225,29.49261751,1.249167193,8.614071516,6.043739072,7.038655262,133.2830377,262.7620489,1.308984408,5.362115874,2.976148664,13.96995289,51.41253844,665.6561049
STN0106,Pond,2014,,StateC,12.26822778,36.88340898,3.037688513,,6.123003295,,140.608706,270.4503108,1.974530708,3.919298468,,13.46124211,93.00726684,838.2437451
STN0260,Canal,2008,Freshwater,StateC,3.340678922,36.11340306,4.986787415,,,7.82728535,51.21567715,227.70121,1.859970428,3.120774009,2.884908062,6.828133885,45.39570789,891.4930132
STN0310,Reservoir,2016,Freshwater,StateA,19.82337252,31.70708729,4.255881078,,6.343167353,7.985729169,117.4019919,171.0486777,2.193821381,4.765056663,1.727404269,14.56291882,148.7810375,565.5104574
STN0477,River,2013,Marine,StateD,4.633434028,37.36542561,3.460877753,5.408626729,6.729173488,7.808579495,55.18357991,250.673621,,4.193053243,4.015059408,8.766764404,183.8416062,580.0866919
STN0191,Pond,2014,Marine,StateB,18.85463548,,2.225014483,7.291503208,6.652291649,8.061875357,104.8858665,243.0710678,2.538897788,5.92140124,2.701394466,8.392406612,84.75402399,508.8407485
STN0402,Pond,2000,Marine,StateA,12.99293298,22.23839239,3.495583345,7.423481436,6.845604363,8.19026335,78.7632729,,1.795731406,4.632595988,0.396401423,5.624313273,68.42652002,973.364912
STN0218,River,2020,Brackish,StateC,,,3.108165856,5.828872701,6.692492827,7.019847642,80.67765995,175.4821509,2.655106105,3.825717543,2.829252802,,192.3101464,
STN0044,Pond,2021,Freshwater,StateA,10.25377022,21.14173712,2.704333536,9.728490735,6.429931077,7.928190319,85.29585035,179.24628,,,4.540092727,6.090136156,,266.578453
STN0162,Canal,2021,,StateC,4.613396234,30.62339056,1.522841507,9.249876857,6.672966622,8.926998482,112.1292449,283.5614276,1.060927373,,1.981563127,7.485398209,97.80968009,890.3676987
,Reservoir,2002,Brackish,StateC,3.53056064,38.73211385,4.546416861,8.345111687,6.275381174,8.03806456,83.40499657,262.4966698,1.408896745,5.712729874,1.481629009,8.169426218,70.32997447,584.4479527
STN0446,River,2015,Freshwater,StateA,4.409724181,20.78687081,2.799138595,7.311477805,6.306313499,8.355084535,,286.2342733,1.680823112,4.124165912,0.717347285,13.08826323,181.9096946,255.0031251
STN0484,Reservoir,,Marine,StateD,,22.44219828,1.778490047,7.058827708,6.78898516,7.623727716,90.45273856,263.8072982,2.021161515,4.649605688,0.75722761,13.7548865,113.7910967,639.7738041
STN0270,Pond,2024,Marine,StateC,15.59168947,29.04398057,2.471037404,8.254867336,6.446419516,8.547982756,56.83532003,239.5732959,2.230258281,3.151719311,,,152.4349174,533.7314232
STN0351,Pond,2010,Marine,StateD,7.002505183,38.67750035,2.65651901,7.727159347,6.798380341,,128.3759842,248.1199106,,4.278363714,2.978399121,13.58698121,162.3613437,902.1995239
STN0304,River,2011,Freshwater,StateB,1.156853531,26.3231221,4.310151582,5.311365529,6.822422374,8.042592095,78.57583246,283.3691886,2.019708019,5.497090619,0.403077026,13.57230937,68.36980838,363.1956829
STN0271,Canal,2009,Marine,StateC,19.3820526,30.14469617,,7.562513244,6.857562338,,93.27668796,236.8210132,2.002551289,5.416946416,4.697842945,12.6465095,86.73886626,861.1716876
STN0456,Lake,2015,Brackish,StateD,17.6757177,20.83145718,4.077219575,9.032018086,6.916635236,7.25110043,118.5443883,244.8586986,1.10048602,3.672955677,3.775668087,6.46695114,169.6943549,646.1509529
STN0462,River,2007,Brackish,StateD,18.55504566,22.96686402,1.044125058,7.296199388,6.430985221,7.03389533,83.24561571,173.4715074,1.069823105,3.678237213,2.933119591,,72.65107034,243.6882426
STN0215,Lake,2005,Freshwater,StateB,19.89815645,39.73260246,2.664615993,5.259782888,6.318866818,8.540316424,,221.088183,2.102319924,5.451915937,4.142193355,14.45024065,158.7870267,977.4762411
,Lake,2011,Brackish,StateD,3.477904984,39.30237393,2.925376607,,6.582198747,8.614311075,87.3921047,257.4595668,1.876357226,5.791195261,0.400933784,11.82540479,188.1984645,610.0921953
STN0190,Canal,,Brackish,,7.924840378,20.09879962,1.076769107,,6.371172423,7.240414458,144.4448583,,2.67836079,3.286082764,2.384194389,8.316168491,124.6420746,432.7014834
STN0296,Lake,2020,Freshwater,,15.16476951,39.03623571,2.039252835,6.293104174,6.601074167,7.531165666,114.1734397,180.3381271,1.321359169,4.350175918,3.150465634,10.00579317,148.3254575,
STN0213,Lake,2007,Marine,StateC,,32.78239876,4.041159292,5.823531767,6.705585863,7.035104727,117.1479149,197.0740212,1.049943324,,4.143264531,,161.0194624,886.2862268
STN0208,Canal,,Marine,StateD,3.077918127,37.35836589,1.548438823,6.651075324,,7.586617222,113.2282154,186.2250942,1.898077536,5.612065366,3.9173478,10.10570409,169.0079298,443.9224995
STN0237,,2007,Marine,StateD,16.3166625,29.09479711,3.141240526,8.783757528,6.374552887,8.546283748,69.8992139,182.2368956,1.474957114,3.250574744,1.385346249,6.199529417,79.01066757,354.1411172
STN0338,Lake,2017,Freshwater,StateD,4.488811437,30.31192057,,7.596929298,6.166860202,8.035921055,91.83338641,213.7276264,,3.633377828,4.704400848,8.120640447,10.25269184,303.2569975
STN0367,Lake,,Brackish,,,29.77693161,1.048483099,6.024406371,6.430529338,7.696191186,125.0939798,286.1757771,2.449196574,5.257405013,0.621729207,13.02396031,80.37525425,438.2875187
STN0053,River,2008,Marine,StateB,,33.33728515,1.96480583,9.389150391,6.142594144,7.74347859,,226.058947,1.223186,3.153881547,4.375668093,13.61418046,134.751246,824.0384696
STN0280,River,2003,Marine,StateA,11.8587987,22.7930251,4.90349502,9.397909275,6.890097035,7.002707251,77.78527761,178.1880571,2.216639,4.477606142,4.854701248,6.373000327,90.07007716,577.3010922
STN0410,River,2021,Freshwater,StateB,11.60172416,20.5994718,4.206148448,,6.345877461,7.599601055,77.63191085,161.5457504,1.5620995,4.326321104,0.885767616,14.52386752,149.7926302,381.985283
STN0217,,2016,Marine,StateC,1.829736748,26.15859883,4.838306577,,6.154459747,8.292917483,93.20189276,254.4234218,1.346992101,4.003203537,3.610330321,8.288226178,71.39648589,332.9479997
,Pond,2008,Freshwater,StateC,17.54921725,,2.951416176,7.256196721,6.02544776,8.948388888,148.0368741,207.4198147,1.759503046,4.183716946,0.201427594,11.62313739,126.9488282,466.1835812
STN0188,Lake,,Brackish,StateD,5.312000852,,1.438944795,9.924948281,6.645822386,,56.75025467,273.274642,2.602891552,4.589821761,2.027114126,12.51825146,37.28396097,951.9394983
STN0380,Lake,2020,Freshwater,StateB,2.590298426,33.46864867,3.191837956,8.860062382,6.636902317,,101.8700994,248.9266153,1.784187154,3.484102075,2.581416496,13.11946235,149.8738873,474.4213701
STN0493,Canal,,Freshwater,StateC,17.7749616,39.39824092,2.817509338,5.135837106,6.340604167,8.797121209,67.9364682,269.4362176,2.501539298,4.715987635,2.90322613,14.45749702,109.1391938,990.4992608
STN0041,Lake,,Freshwater,StateB,19.11302996,21.87801432,4.377428331,5.326022956,,8.566396827,147.0676545,190.7919059,1.250972594,5.416296988,4.679686241,8.12919548,40.81287771,588.1843646
STN0157,River,2015,Freshwater,StateC,17.24255235,,1.392330323,7.319656884,6.409628895,8.560752247,61.33035047,253.8538384,2.545542839,5.280482789,3.361253436,13.58506455,58.3822347,343.3311346
STN0015,Pond,2012,,StateA,16.19032149,28.87500439,2.952964548,9.546101029,6.311217495,7.915991518,90.36010024,189.6092977,1.47386665,3.461699714,2.406389756,6.316869034,149.7217417,912.9120734
STN0301,Reservoir,2013,Brackish,StateC,13.10483961,37.36284509,,7.69350899,6.67712064,7.796010586,123.7884985,290.8602719,2.35478626,3.447748409,4.048375181,,,568.2842985
STN0065,Lake,2002,Marine,StateA,11.01714741,23.54299579,2.298703708,7.48906254,,7.605831458,120.4554428,245.4561422,2.13156311,3.804523103,4.752664105,12.4197773,43.20628808,767.7370748
STN0345,River,2005,Brackish,StateC,1.739735198,33.85251904,3.94942831,5.5273685,6.364593728,7.131389718,,198.67677,2.858289434,4.083224179,0.110330743,11.77723241,,986.9692666
STN0327,Reservoir,2017,Brackish,StateD,8.169064261,36.76230579,2.904072517,8.283900524,6.217892554,7.456470727,84.6524168,190.4267793,1.774645036,4.225366744,4.912606361,7.523147361,143.025004,240.1402803
STN0009,Pond,2018,Marine,StateA,7.45377034,38.89228439,2.503553141,9.110515803,6.988035966,7.49320727,89.76123786,178.6389878,1.132330378,5.039091651,0.430660695,13.73043147,191.4269665,277.3556478
,Reservoir,2004,Brackish,,5.195075675,33.66496057,2.577905114,6.902100038,6.454001621,7.968154139,76.42762632,254.1961438,1.038310971,3.170041296,,6.688584634,85.42100907,776.3653932
,River,2014,Freshwater,StateD,,,2.837787074,8.878059255,6.688274236,8.494888813,,182.8073419,2.653717122,3.104018113,1.401673763,5.536347915,95.02006814,425.4600026
STN0492,Reservoir,2024,Freshwater,StateA,9.917514702,32.3569448,4.140066175,9.82238327,6.140552968,7.947619657,98.30396976,,2.049471275,4.175731689,0.660898289,12.17464991,179.5910432,347.4411176
STN0136,Canal,2001,Marine,StateD,1.620924318,37.37809969,,6.018832296,6.4855897,7.115688899,76.85337561,189.695254,2.550488104,5.091491076,2.199278199,9.754757152,105.009868,231.4895039
STN0472,Reservoir,2009,Marine,StateB,4.403664039,31.41219493,4.821338746,7.616648156,6.02753672,,78.74616649,249.2953417,1.4688512,3.580306029,3.219782897,13.4909802,141.4557824,217.4773696
STN0063,,2023,Marine,StateB,13.66517527,20.60774119,4.147613545,6.43568979,,8.885448638,115.6756063,272.2409593,1.690167491,,,8.833971411,,819.5884825
STN0139,Lake,2017,Freshwater,StateA,,38.61897391,,,,8.570379086,146.8537332,266.7037865,1.060207744,3.779484414,0.272827041,6.682785885,89.34529374,307.5467419
STN0499,Canal,,Brackish,StateC,,33.79053502,,7.887966829,,8.982655803,,264.1276996,,5.658258326,2.997305698,13.36442192,,574.1764928
STN0081,,2004,Freshwater,StateA,,33.53026772,,8.172912088,6.038996013,,57.69794671,178.1583609,2.335735813,5.687069833,4.512016381,10.48909632,41.19600718,684.7174521
STN0392,Lake,2022,,StateD,,24.31350305,2.018682488,8.989570798,,8.925536701,57.55836139,,2.866410176,3.891861613,1.91607683,6.891957924,0.188683054,542.6814405
STN0163,Pond,2023,Brackish,StateC,,33.1777094,4.363486318,6.979852363,6.38798676,7.151210081,145.1423221,254.8423243,1.530992815,3.689981262,1.081663888,12.20383999,7.85301033,221.6853219
STN0419,Lake,2000,Brackish,StateB,16.49361932,27.87728811,1.153705396,9.575450342,6.160024936,7.731361497,79.72907903,205.2520821,2.222927222,4.233911916,2.21288673,10.11113638,195.4567646,826.8012021
STN0289,Lake,2021,Freshwater,StateC,6.956184158,,4.607047969,7.665144336,6.023352096,7.450762536,,214.851934,2.356999937,3.721594756,0.241813555,11.04312982,48.47073903,
STN0379,River,2000,Marine,,13.56032305,22.13186061,2.845909858,5.789774114,6.756213614,7.391666168,109.9044587,154.6723639,1.635099401,5.01715153,4.102437922,9.608983382,132.6621419,809.5119155
STN0261,Reservoir,2017,Freshwater,StateC,11.31463928,33.15690609,3.548805907,8.479495591,6.458523009,7.281605898,112.3648778,188.9364674,2.69621847,,4.131704055,,,914.643595
STN0490,,2014,Brackish,StateC,5.340565403,39.98827452,3.637415689,8.966306752,6.289244772,,114.850482,155.0514606,2.894322926,5.019276393,2.940002317,13.29562716,110.1320918,546.2719368
STN0231,,2016,Freshwater,StateC,17.57259973,20.96424078,4.580470963,6.583808385,6.900083183,8.562643711,76.74020279,281.8778659,2.769710235,5.473051342,1.765514445,12.09388822,30.62890002,
STN0041,Reservoir,2010,Freshwater,StateD,15.94852043,,3.546678729,9.285896285,6.11613896,8.156596799,51.51106842,186.5095025,2.478133952,4.190976487,3.998916822,6.054013774,,581.5867141
STN0028,,2020,Marine,StateD,13.16903669,28.13815921,3.455734339,9.530716274,6.955918829,7.293925419,,233.6005754,,3.468950912,2.773435124,13.38853862,120.050282,511.3668949
STN0135,River,2024,Marine,,17.01163458,37.41506901,1.266608162,6.384522437,6.313966717,8.62224754,75.08930457,,1.563232084,5.213852842,4.129661543,11.71012981,146.2501179,909.9396283
STN0201,Pond,2021,Brackish,StateA,17.34588402,35.64770968,3.073632088,9.917607364,6.888403672,8.271909414,117.6026288,250.0271087,2.926720641,4.081423515,3.157293963,11.97024166,153.9493246,915.1468085
STN0328,Reservoir,,Freshwater,StateB,14.16725953,31.34032522,1.600676003,5.70355764,6.602942876,7.776331412,120.662987,,1.020568992,5.013812476,3.922027366,8.629828404,195.0820735,468.6530917
STN0268,,2012,Freshwater,StateD,16.74026657,34.76898419,3.949735075,6.010078342,6.82670736,8.348260591,111.0007417,284.687878,2.432099946,3.811931826,,13.79279556,114.712656,
STN0418,Reservoir,2000,,StateB,13.94942923,37.57031123,3.048887683,5.921124196,6.984013163,7.519809958,,283.2177283,2.412492325,3.243688904,2.070705341,12.253716,68.32822254,941.5260497
STN0033,,2001,Brackish,StateA,13.60281544,28.08280643,3.720911117,9.46994855,6.288405438,,77.10962538,198.7935928,2.245379082,5.977745386,4.7897293,6.125904665,129.6929114,
STN0048,Reservoir,2008,Brackish,StateB,12.37222756,26.54066323,1.166691602,8.271462762,6.961135485,8.834971686,109.7668283,285.1441344,2.980217692,3.468604524,2.705569124,9.077780344,13.68814185,607.1672323
STN0407,Pond,2002,Marine,StateA,,33.35186771,1.339168064,5.760521416,6.389481895,7.581009011,136.6095634,299.423651,,5.965262982,3.025447593,13.86380362,179.4794637,562.2598442
,Reservoir,2000,Marine,StateD,3.172102106,36.15691884,3.865293552,7.201617092,6.385511905,7.939976536,144.6733729,273.8123496,1.679943728,5.931839798,1.102438197,5.471967017,23.87620227,422.9554527
STN0216,Canal,2020,Marine,StateC,17.61741518,35.2457027,1.288337344,8.076490125,,8.780282275,60.59058044,276.7307022,1.157878806,5.381454312,3.128253947,,,967.0974986
STN0293,Reservoir,2015,Freshwater,StateD,17.43687055,35.95627298,1.285026911,,6.541407607,8.415442701,65.48286126,,1.885596273,4.978268886,2.858038247,11.79162568,163.1490761,314.2514436
STN0099,Pond,2022,Freshwater,StateB,0.584945661,28.7116663,,9.412081842,6.154145043,7.124406452,,236.5053598,1.522097052,4.733421151,,11.31375978,,663.8636608
STN0172,,2005,Marine,StateB,16.51633501,36.35668432,4.826005593,9.018017677,,7.294606089,123.6535228,160.0883871,1.686773404,5.598304636,0.297935487,7.705592565,78.72710406,426.040214
STN0360,Reservoir,2016,Freshwater,StateD,2.577397349,22.40418111,3.950033438,7.526033868,6.541704812,7.015683182,138.2993825,164.2376905,2.669143581,3.868318565,3.021796599,,94.68713188,423.2066323
STN0214,,,Marine,StateD,6.702377085,30.88978196,,9.835633076,6.761901813,8.26184358,70.26326341,299.8338918,2.870969027,4.403043637,3.818461347,14.42058219,170.9094786,523.9748699
STN0475,Canal,2004,Brackish,StateA,14.87016513,20.11517321,2.186142325,7.088804896,6.833649962,7.895346851,108.7585871,198.9958874,1.371466144,,2.617006855,7.982724542,68.00087721,999.0343487
STN0035,River,2005,Marine,StateB,3.215197921,26.4917166,2.398812919,,6.44044135,7.268549702,120.1139594,262.2275868,,4.233571428,1.133863127,12.75505297,173.929937,243.9730455
STN0449,Canal,2002,,StateB,,27.3292307,4.098614125,8.339599994,6.302333249,8.915868242,118.0111885,270.999758,2.857261124,4.282459362,3.332609883,8.931217982,,
STN0227,Reservoir,2020,Freshwater,StateD,16.64268356,27.92345383,3.645482444,8.173356366,6.259334897,8.059319448,90.81516909,278.7034907,,,0.400528633,6.392540708,155.3596874,266.0577264
,Lake,2022,Marine,StateC,10.14935468,33.90934413,,5.829774476,6.194623837,7.483786588,51.53948917,299.6442446,1.184721056,4.69269545,2.209168524,5.107152977,169.5095266,323.616664
STN0431,Lake,2004,Freshwater,StateB,0.127717434,27.77116203,1.696437341,9.409638792,6.057647582,8.001207142,108.2926057,186.2244728,1.325581978,5.551723584,0.816833792,10.44257337,36.36353057,
STN0462,,2020,Brackish,StateC,5.740762663,28.97387245,1.393582599,7.13744844,6.342447979,,75.31015392,156.052624,2.190425668,3.604585134,0.922295255,14.75778819,86.06930647,608.3681051
STN0131,Lake,2004,Brackish,StateD,12.33853837,24.75088262,3.641210879,,6.270247692,7.152478436,95.02542461,,1.300944542,5.803299116,1.011469746,8.691361938,33.09995493,407.0339267
STN0257,Pond,,Brackish,StateD,19.62372356,27.46503583,4.057490649,5.0630376,6.966417386,7.54940763,,169.5121005,2.936152763,5.067262961,1.933535285,8.57192334,141.3208258,453.1657047
STN0005,River,2009,Freshwater,StateA,12.63627054,24.54539255,2.060185713,7.798778418,6.557708826,8.613930982,89.90353176,,1.893429055,5.469819638,0.255751028,8.440916178,107.0695536,269.5736162
STN0218,Reservoir,2018,Freshwater,StateB,5.196071621,21.46391848,1.083779844,7.636998111,6.347277039,,133.9801607,204.0640241,2.003035921,4.668572078,1.988967205,10.20543837,127.0646693,442.5758271
STN0255,Pond,2016,Freshwater,StateC,12.68011406,,1.32868667,,6.580467601,,68.85406057,267.5607377,1.493317232,,2.558537236,9.406648834,39.29739339,973.2467515
STN0398,River,2020,Freshwater,StateA,10.79970759,33.36425597,4.871440139,9.451290265,6.139196701,7.865632004,117.2460498,234.9271037,1.941920505,3.048601192,2.416471425,13.79914627,42.34917241,955.7659053
STN0359,Lake,2013,Brackish,StateB,15.5969079,32.38980692,2.18177911,5.397032923,6.444043749,7.087799885,147.7006954,196.9166984,2.323827265,5.455141274,1.913920502,10.05520792,8.299465102,467.9026321
STN0283,Lake,2008,,StateA,2.139612777,29.26988088,4.076892591,8.657482452,6.626234321,,60.18931009,248.1513008,2.502354274,,,10.07757838,64.41350704,656.683149
,,2013,Marine,StateD,,27.5957156,3.498654275,5.93705972,6.488897832,7.891083277,50.83199422,184.802727,,5.669740129,0.726633462,6.383715947,111.9489323,927.6763129
STN0207,Lake,2000,Marine,StateB,10.82533157,37.26667299,2.527758559,9.290885266,6.401778801,7.418370931,,152.1572169,2.155782225,5.975888242,2.528483719,14.82739541,171.5869828,204.9470581
,River,2018,Freshwater,StateA,,,,9.095317569,6.993848389,7.099958057,59.26254831,264.653008,2.80871955,3.882202387,0.310207085,7.499728909,133.3854895,848.5468563
STN0346,Pond,2012,Brackish,StateA,6.837443321,29.58363755,1.485545673,7.703968775,,8.687299328,124.838435,243.5614627,2.634815695,3.630955669,0.355778394,5.733640675,,958.6956422
STN0042,Pond,2012,Brackish,StateC,12.65243786,20.51284132,3.460051872,8.551213993,6.623405958,,141.4548664,264.3453937,2.514096229,5.296090092,2.869329248,11.63146249,190.6240229,273.0605875
STN0380,River,2003,Brackish,StateA,18.64056211,26.82495655,4.098535123,6.571750566,6.569377361,8.586285748,93.40209727,155.8407025,1.111211043,3.759079023,2.830092124,10.9536637,143.8490401,329.1581488
STN0461,Pond,2000,Marine,StateB,2.05019456,27.60391238,3.575617014,7.355839495,6.62066048,8.707569843,75.87116422,275.5679442,1.013755924,,,9.15145654,186.0330406,
STN0179,Pond,2016,Marine,StateB,18.74456974,27.97645562,3.121208533,9.108184489,6.201312108,7.483954261,,242.92893,1.424894554,,2.789368378,9.221922339,105.5175947,630.0321149
STN0063,,,Brackish,StateC,13.75771445,31.60344738,1.167804894,7.296325986,6.395137743,8.921253951,122.3447818,234.5093026,2.327047188,3.377865589,4.798955102,12.85063921,51.78085496,211.3573076
STN0352,Canal,2001,Brackish,StateB,1.356741182,30.67205093,4.87395511,6.788991327,6.039459533,7.393851409,50.90541616,243.6921072,1.822394978,5.937454665,0.243474242,6.957126401,10.56533727,406.105599
STN0231,Reservoir,2007,,StateD,6.019271339,32.15810186,4.194856767,7.471062236,6.475546037,,108.9453989,279.664987,1.804812519,5.021516695,0.490038424,13.20253319,145.2169703,
STN0241,Lake,2006,Marine,StateB,14.16344177,35.29766523,2.171288147,9.141246262,6.543024584,8.989638588,111.3291685,238.040476,2.769173776,5.540661673,0.220329308,11.48747114,24.2605996,754.3271288
,Canal,2001,Brackish,StateB,1.347012029,36.25971477,4.919881317,6.676040237,6.227749736,8.423445611,113.7688247,237.142557,2.791125696,3.972988132,,9.189697738,60.55502565,786.5283025
STN0096,Pond,,Brackish,StateA,11.6434092,34.36246152,3.407526359,5.868807966,6.964028847,8.962287464,74.202208,298.6018736,2.818350528,5.029451249,2.706350555,9.580286166,106.4941816,996.3372103
STN0388,River,2021,Freshwater,StateA,6.917661139,39.11047392,3.329690633,8.560070102,6.909454611,8.139079559,,263.5095251,1.627756153,4.782725482,3.227860907,7.566472072,112.8833176,430.0089595
STN0222,,2002,Freshwater,StateB,12.41831036,20.36465165,3.992292718,9.129891064,6.722143235,7.519083566,59.13914863,216.3440708,2.382111625,4.80945036,0.22792579,12.52114333,120.1166394,
STN0485,Reservoir,2017,Marine,StateC,0.914840676,23.91555971,4.247079152,5.503187393,6.533386629,7.873991771,69.92703365,256.10955,1.543266363,5.047597379,4.729854449,10.12874742,33.25106607,626.6588383
STN0407,Pond,2011,,StateA,17.43073612,20.1512575,3.625914429,6.199370564,6.86996916,8.187121871,137.7470047,208.3845708,1.381219666,4.726077519,4.210826883,8.208545427,75.94748096,524.5162076
STN0231,River,,Brackish,StateC,19.46977938,32.94949428,,5.709859949,6.130652344,7.146163124,123.8723151,184.3313194,1.369264915,,1.483062411,10.96050116,123.4388454,335.3295151
STN0237,Reservoir,,Freshwater,StateB,19.37755711,37.96061098,2.353070024,6.739707058,,8.244686529,51.3745554,239.5277815,1.684215242,3.827768083,0.385937651,14.95734452,193.9637729,981.9652505
STN0143,Pond,2011,Marine,StateB,14.99303663,24.86964593,4.712334561,7.251754895,6.124820814,8.962355674,74.83762604,289.2273147,1.85991524,,0.849435366,,145.5262275,882.6537493
,Reservoir,2004,Freshwater,StateD,2.601724803,38.5406909,1.898462447,8.744131685,6.794210663,7.3802153,71.4406483,289.370928,2.661898342,3.67881729,0.634722069,14.20691401,184.5207514,598.6664226
STN0029,Lake,2024,,StateA,15.16526392,21.20534781,,8.255737924,6.275767568,8.585190233,77.0806328,,1.239782187,5.077062918,0.616418896,8.450168399,152.4424117,682.5963381
STN0036,Lake,2016,Freshwater,StateB,0.491738329,38.68872054,2.728307532,8.104642837,6.877090581,8.815797588,74.75597703,229.1516199,2.469851695,3.699998468,2.592808443,5.547327069,118.3433938,381.8088428
,Pond,2015,Freshwater,StateD,0.442471031,27.03245374,2.757619959,6.761874733,6.944042094,8.887403186,,181.7453848,2.062909828,4.87599051,1.229237212,7.042421064,38.40467383,635.0296563
STN0160,Reservoir,2014,Brackish,StateA,6.472204383,22.02841657,3.45175833,9.207237765,6.148795969,8.920271209,95.89405166,299.3446664,1.575890685,5.241234801,1.790698583,9.186951433,133.3371304,755.9761065
STN0327,River,2022,Brackish,StateB,9.772863808,29.71743518,,,6.462675605,8.042919277,123.2733475,297.1676862,,3.656141667,4.947526667,7.196349286,124.6759132,
STN0187,Pond,2014,Freshwater,StateB,15.40814836,25.13553135,1.962770847,9.89552469,6.980987378,8.954615816,110.6731725,247.4263395,1.59988414,,3.421571245,5.002270382,120.4938341,992.2281365
STN0243,Lake,2004,,StateA,13.66590753,25.69745804,1.486005505,8.170710691,6.483407436,8.514620414,117.2871669,270.662109,,3.392921229,4.744903335,14.15001538,97.9571736,689.073325
STN0086,Lake,2020,Marine,StateA,8.918054128,26.1457993,1.789881959,5.631323708,6.863547523,7.323342872,58.11491785,,1.867687846,4.817990902,,13.43879411,,496.7789701
STN0284,Pond,2013,Marine,StateA,5.472533326,36.06051796,4.547699601,8.38088781,6.588731522,7.953800213,145.149071,238.9737329,1.328811058,5.548339219,1.910697374,12.42292231,66.88850542,817.7216221
STN0066,Reservoir,2001,Marine,StateB,19.94249,30.78322553,3.583243251,6.625520077,6.375329908,8.436662351,133.8491834,158.0021995,1.233166149,3.134990464,2.773659016,6.678145956,103.8625385,336.3700093
STN0170,Lake,2010,Freshwater,StateB,8.523626045,26.22615398,2.143627157,8.431635983,6.285783556,,130.5090318,218.2146514,2.093391364,5.202453777,0.383790309,6.203635762,39.51118114,507.612651
STN0045,Reservoir,2018,Brackish,,9.027740487,32.20667567,4.263787756,,,8.281230367,132.2983805,251.2179453,2.804826067,,0.020937218,5.676047495,161.0348795,477.5671603
STN0062,Lake,2006,Marine,StateC,,34.32301348,4.445479985,5.874407186,6.761798191,8.333200958,,251.6297421,1.687915373,4.43558511,3.352171669,12.24029189,,545.4456761
STN0441,Lake,,Freshwater,,15.89619097,25.45248001,4.386057355,9.278686295,6.386540507,7.325399488,104.4253966,205.9683928,2.466000214,5.78657865,3.209097584,14.28807961,16.99325798,825.4238607
STN0134,Canal,2001,Marine,StateB,13.87364452,,4.675706135,6.135897785,6.511275462,,,291.253798,2.31732271,3.995914514,2.05394405,9.305358209,87.24920527,587.3384257
STN0284,,2005,Marine,StateB,4.415392256,22.43772187,2.008964081,9.185205626,6.49232548,8.543253822,111.6783608,175.1035548,2.863109829,4.396010802,2.44822038,6.19140672,131.6614879,835.2115602
,River,2017,Freshwater,StateA,1.647620912,23.62298699,4.020167715,6.396380442,6.577279029,7.997791329,124.2881494,225.0539169,2.641962035,3.041047244,2.077215003,10.12392821,87.54336499,661.1911225
STN0108,Pond,2001,Brackish,StateC,13.60998604,33.62235708,2.842157989,8.21440955,,7.024206234,123.7917393,253.6325965,2.133210518,3.24479616,0.120025224,,55.35082639,473.6555477
STN0044,,2017,Brackish,StateA,13.09022429,23.62876695,4.367994212,8.470752868,6.980739344,7.018076938,102.1449024,,,3.775774773,1.676858031,8.748249243,111.6342368,847.9829949
STN0340,Reservoir,2014,Freshwater,StateC,5.46519054,30.50326767,3.913962709,7.563273766,6.407584209,7.714058688,56.84587193,247.2958435,2.796772933,3.083556722,0.885411277,,69.40046708,390.6317364
STN0286,Lake,2018,Brackish,StateB,19.01727125,34.18092523,4.105789786,6.526553383,6.827518922,8.852388137,87.11129384,191.293232,1.799037569,4.894125978,0.492120946,12.18718113,186.573538,379.5063838
STN0446,River,2001,Freshwater,StateC,3.021157836,22.13753846,,6.063221882,6.764527795,7.457353559,142.0766608,173.4309853,1.653589412,4.27919507,4.783602169,6.106035989,184.5290279,603.6023392
STN0331,Reservoir,2019,Freshwater,StateD,8.646696021,31.34624439,1.709715078,5.165946773,6.573528951,8.268727378,108.444891,245.391049,1.021622167,4.644435608,2.996798625,5.355902308,100.474364,408.6793968
STN0128,Canal,,Freshwater,StateB,18.8723184,25.13125567,3.180107676,6.519732006,6.956047144,7.444151741,103.8331943,239.8953174,2.653102148,3.523941558,3.643281421,14.94330303,65.5767988,207.269628
STN0348,Reservoir,2005,Brackish,StateD,8.394546339,,4.938678958,,6.200474516,7.643339979,76.88535144,,2.601961401,3.887796088,,7.327283489,147.4264828,718.6380218
STN0473,Reservoir,,Freshwater,StateA,12.77051895,29.67091293,4.749552266,9.691524092,6.10926421,8.696084179,86.84489199,255.7708718,1.208909036,,1.965735647,5.538305249,7.342588697,608.8750572
STN0231,Lake,2023,Marine,StateA,7.951887959,36.119851,1.172694943,9.356022411,6.853961967,8.457722885,139.5346089,218.2757988,2.153714762,5.895908171,1.184619969,6.898753291,94.95380121,556.4142516
STN0190,,2014,Brackish,,,,1.659259263,8.830323883,6.439149817,7.190798555,116.6463048,250.1640887,1.927963396,3.151250321,0.484828355,5.389578463,67.26467885,973.5748117
STN0225,Reservoir,2022,Brackish,StateC,19.67955296,20.86825066,1.526915094,8.942236716,6.846968854,7.857404042,128.7387027,275.605062,1.237418191,5.671152963,,,184.107177,656.9593472
,River,2009,Brackish,StateB,8.186680126,32.66302751,3.90391964,8.324924517,6.893090205,7.058339527,95.43454231,175.4592643,2.961136454,4.730643604,3.987570226,13.02401784,2.400605455,890.7452622
STN0377,River,2018,Brackish,,17.88198407,39.02806684,4.271141319,6.301434288,6.062457594,7.961780293,113.0247219,152.8717302,1.429391775,4.6917587,3.387729026,8.412444498,110.5629751,311.560189
STN0283,Pond,2016,Marine,StateA,4.599092118,32.0322364,1.854045465,9.535975154,6.883464763,,74.83836087,266.865388,1.13446836,4.500835606,2.73464438,9.441834069,148.1327162,655.3651705
STN0446,Canal,2004,Brackish,StateB,4.262094081,36.38377719,3.023410772,8.35366156,6.448319055,7.237005247,120.546083,241.4546138,2.189694759,3.208182258,2.375449364,11.75586774,97.0035975,
STN0121,Canal,,Brackish,StateA,0.622681658,37.68412927,4.362812112,7.802203155,6.510432489,7.577769878,92.76013337,,2.477733354,,4.612171418,10.0889407,17.08060603,666.4846058
STN0116,Pond,2009,Freshwater,StateD,13.03333651,24.56159544,3.931206179,5.554947346,6.626592511,7.795673251,94.25455148,275.7232462,1.064886892,4.802736017,0.363674739,13.61445686,194.492278,774.4113425
STN0461,Reservoir,2023,Brackish,StateB,7.370526874,24.2408968,3.168948822,7.235277719,6.926382607,8.839062049,114.9322325,270.4216402,2.317435277,4.022875714,1.403004066,13.66035675,103.6020863,497.6348542
STN0233,Canal,2016,Marine,StateB,17.287165,32.21961978,3.361390762,7.301791356,6.019116094,8.986510031,,,2.064583752,5.7518042,1.749689268,5.099106955,122.8372489,273.9596136
STN0259,,2009,Marine,StateB,9.464198134,28.2205694,3.033442188,9.322818048,6.476843468,7.089822598,56.40063466,230.3902618,1.206530018,4.219771612,,12.78046306,47.32195654,566.3202361
STN0359,River,2016,Marine,StateD,19.36386856,36.79722606,,7.733241101,6.687722042,8.522015847,132.4743237,223.2743449,,3.429844376,4.962573101,9.607336002,96.69961702,515.5835127
,Lake,2019,Marine,StateB,3.710510314,38.00046247,3.260087971,6.902002745,6.722706958,7.743448133,79.23831104,,2.135948595,5.144156501,1.203352574,14.88840541,85.82989839,893.6481459
STN0456,Canal,2023,Brackish,,17.37246336,27.06842759,3.755541208,9.884001643,6.692532432,7.784916372,94.39194545,173.0536564,1.592715227,3.880060264,4.371536671,9.832320759,,395.1962419
STN0411,Reservoir,2004,Brackish,StateB,15.53193706,24.73741118,,5.553602967,6.134435129,8.508529947,52.19133288,,2.876631457,4.576410922,4.153113802,14.86895945,21.23207071,973.387382
STN0137,Pond,2001,Marine,StateC,,,3.545165416,7.112742142,6.299395588,8.836852864,80.10460778,191.5518786,,5.093498357,1.123286988,12.54569361,,966.5104958
STN0318,Pond,2005,Marine,,16.89566456,25.49612071,4.044486148,5.210123376,6.358715525,8.901857189,100.2631243,288.1961268,2.967134413,5.700792334,1.996662901,7.486048846,47.96399044,398.1053145
STN0165,Reservoir,2020,Brackish,StateC,15.22047982,,1.64028654,8.699520604,6.804437208,8.154245172,55.61760773,237.4786206,1.519341678,5.376573584,2.048364346,10.38394979,38.9916543,
STN0225,Lake,2001,Marine,,12.52440643,,2.846229898,9.590382761,6.278759872,7.714242319,99.10957294,238.9260271,2.939447266,5.029083204,4.891103343,14.92135639,100.9822903,916.4445927
STN0307,Pond,2012,Freshwater,StateD,,33.35099799,1.037326479,6.400186648,6.210704964,8.575098172,142.7110629,203.2386991,1.86246774,5.038899547,0.904459507,13.57530608,,
STN0234,Canal,2010,Marine,StateC,0.65052359,21.91070628,1.986715458,9.291708384,,7.502002767,60.53932181,157.7984028,1.695037591,5.837773932,3.995789856,,12.38930372,554.7512823
STN0172,Lake,2010,Marine,StateB,18.41695696,32.47718649,3.90584686,6.461091152,6.008863285,8.128148058,126.4440728,154.7615648,1.100699054,3.887472292,1.670963571,12.06371997,115.3615839,456.7976365
STN0152,Canal,,Freshwater,StateA,12.33300629,,4.967239805,,6.997820856,7.717156923,90.96710534,213.5002716,1.105530516,3.003336283,3.654351729,8.455795859,23.84208857,620.8752106
STN0463,River,2010,Freshwater,StateA,15.93074582,31.73216926,1.396712398,8.769809518,6.676821299,,115.5173715,162.6848067,2.384022512,3.815863678,2.100055021,5.069822619,7.292210165,750.2153651
,Lake,2018,Brackish,StateC,,23.36028415,2.605977263,9.024533884,6.828469299,7.480797826,76.0236598,241.0270433,1.915857989,3.653674139,2.891798816,9.03480969,10.54879043,418.7796123
STN0374,Pond,2014,Brackish,StateD,2.346163779,34.7374749,4.200283875,5.090032778,6.294619396,7.383185891,65.94922625,282.1459508,1.453043252,4.985503755,4.163058867,7.347544217,166.8328216,789.1785397
STN0160,Lake,2024,Freshwater,StateC,2.503715844,37.25594155,1.816142539,,6.014315278,8.836478173,66.04626143,282.4372225,,,4.020827825,13.18869271,23.59449673,241.3258857
STN0096,Lake,2022,Freshwater,StateD,13.71130574,24.334796,3.220339797,8.63335496,6.737869519,7.203607366,57.04919456,248.8568115,1.505716237,4.780384148,4.332115918,8.373306088,9.030272882,239.4355942
,,,Brackish,StateD,8.606117898,21.91429111,3.932285184,6.523755477,6.834144597,8.011915815,68.56467049,181.6847747,2.155263509,3.04873033,0.298086627,13.27523694,87.57997743,509.0301641
STN0233,Lake,2015,Marine,StateA,4.010494534,20.47277172,3.463941801,9.146973324,,7.441705566,116.4219385,279.4495247,1.718417494,5.186334163,3.460252765,5.005979388,168.7986944,482.7785536
STN0180,Canal,2010,Freshwater,,9.831890935,32.83943001,1.752098938,6.407605992,,7.077859927,138.1690612,282.9140153,2.647104453,,0.699936884,8.0781915,,452.5065723
STN0113,River,2021,Brackish,StateC,1.284178742,32.14188072,2.421538275,9.363769198,6.753427922,7.072037637,131.4125686,179.4980377,2.641392322,,2.07909284,7.411652143,84.34252351,592.8158101
STN0318,Reservoir,2015,Marine,,11.63942804,30.93394825,4.135167138,5.562901952,,7.350443544,118.513431,260.6139129,,4.669735286,2.742942075,7.335673611,7.984506513,456.5868658
STN0497,Lake,2007,,StateC,5.379868089,24.63894192,3.216906057,8.518429887,6.658540516,8.733540709,61.04318634,192.9779323,1.701638219,4.028192776,2.013697424,,89.81570283,
STN0442,Pond,2003,,StateB,15.95118201,27.81811992,1.020918454,7.703492383,,7.564957488,78.91874463,270.3960469,,3.403728801,,6.871242704,115.5226161,447.5756393
STN0052,Lake,2007,Brackish,StateB,6.207239178,31.8895267,4.04396304,5.482672351,6.84592144,8.900918341,80.98068753,299.585685,2.611429051,3.283256693,4.982631544,10.5554957,114.1814108,979.9234182
STN0268,Pond,2003,Freshwater,StateC,9.104402982,29.93533718,1.14124542,6.209469141,6.613604114,8.163244586,74.99569464,154.5039008,1.656358966,5.494554999,0.676086569,7.913610728,66.48533843,528.8907336
STN0295,Canal,2023,Marine,,0.232410798,,3.982935131,5.062020181,6.088604714,7.87322838,,284.6048799,1.418118747,5.755192626,3.377280227,9.173947823,63.10663613,555.7702215
STN0386,Pond,2024,Freshwater,StateD,1.448937756,22.72879505,1.809922241,,6.48762781,8.160177669,103.5553815,,1.169376684,4.94936414,1.980004832,8.768668803,21.32472379,
STN0387,Reservoir,2002,Marine,,7.849871128,33.90289108,4.83229392,6.506326304,6.077649335,8.03339677,85.68859752,296.0073929,1.933386242,3.310302345,0.665048995,13.75904925,73.35966413,986.6726147
STN0113,River,,Brackish,StateB,9.598776694,28.08637536,2.471763005,7.991787421,6.407543031,8.517552508,85.37891587,219.7514276,1.964264198,4.206081651,0.793683817,14.05298999,,
STN0101,Pond,2017,Brackish,StateA,12.00041096,28.5639923,2.307726465,6.486189039,6.407106489,,132.8555598,277.1081896,2.681817421,5.1868176,4.746365531,9.929569717,153.3191889,745.0256884
STN0113,Pond,2018,Freshwater,StateD,5.833251574,34.35195531,1.595552201,6.499595558,6.066009844,7.706100783,,159.3591103,1.442477393,5.339462652,4.398007484,8.301559503,193.2548595,772.7877548
STN0440,River,2018,Marine,StateA,13.89963772,33.84872303,2.222416862,,6.348820534,8.788188605,80.77958317,200.2918575,1.761982547,3.354655867,4.535209802,6.06800704,194.0148913,685.8595334
STN0081,Reservoir,2020,Freshwater,StateB,,39.82511987,4.506603047,5.24071418,6.110998099,8.892913026,141.3788444,,2.616811478,3.000092157,4.957663879,14.53402879,173.0142199,270.8626717
,Lake,2004,Freshwater,StateD,15.59701978,,4.985337351,9.514474976,6.80823521,8.785116455,145.2815017,,2.647247221,,1.04157695,5.602269449,120.1584299,741.4978207
STN0113,Pond,2017,Marine,StateC,0.792376507,,2.473238122,9.261319372,6.947688026,7.838895988,82.6742542,272.5460861,1.769222152,4.069788528,1.777196687,,140.1731394,251.2757688
STN0002,River,2009,,StateD,9.610138945,34.48677634,2.794442524,8.339023416,,8.560731006,85.44249488,277.8821132,1.918248047,3.763443995,3.34609515,,57.04116054,676.9141196
STN0130,Canal,,Marine,StateC,2.098603568,31.56773834,,7.966107851,6.955115207,7.952671467,100.5634153,290.6947847,1.606571782,3.038692409,2.419012699,8.204012861,,791.6649418
STN0220,River,2020,Brackish,StateC,4.840900317,25.48321333,4.544783122,9.461512491,6.522576599,,144.1120813,162.7655229,,4.62089822,2.091947667,6.642868433,91.12990989,368.7759125
STN0054,Canal,2005,Freshwater,StateD,19.73325187,21.58838738,3.372177337,5.926650898,6.299565678,,137.6319433,,,5.553452206,1.789056247,12.83161431,,873.297606
STN0343,,2000,Freshwater,StateC,2.849910858,21.71316499,2.566102793,5.394845811,6.076862075,8.182260607,60.25679626,160.6552334,2.867498846,5.872894939,2.96890316,6.22497862,151.5553121,224.2830444
STN0485,,2004,Brackish,StateA,9.977763069,37.88381749,2.650487363,6.19755085,6.500624268,7.372271796,,,,4.697234852,2.877967143,11.34906659,56.38367112,875.0502909
STN0224,River,2008,,StateB,,23.83734649,3.782472586,8.972891394,6.794515544,7.663129398,105.337119,184.4048666,2.063144305,4.543383983,0.80728917,,63.60792234,568.2632405
STN0225,Pond,2011,,StateC,14.04929941,26.46743124,1.012873054,5.173351334,6.707086477,8.710060403,100.3132473,220.3660817,1.065318122,3.255169156,2.358699188,5.705356376,184.9283582,374.0703519
STN0385,,2013,Brackish,StateA,11.19297367,24.53312804,3.47835735,,6.050226011,7.414151618,69.38630679,190.2843251,1.951192384,4.646618405,2.767358881,14.09429504,11.24485897,307.022516
,River,2001,,,0.195416948,27.09992612,2.421972042,9.977187581,6.072901835,7.14231657,135.8816771,165.146716,,4.139937237,2.851434694,6.901287663,97.12685968,962.6457341
STN0126,Pond,2016,Freshwater,StateB,6.529226165,21.38847685,4.176789325,,6.402873283,7.138015185,,175.1236634,1.322437624,4.821405843,1.050535965,,182.5601601,258.1324701
STN0130,River,2013,Brackish,StateA,10.35423287,30.38119582,1.371962559,7.607228445,6.295290494,8.881569041,133.7908375,172.0913345,,4.166179044,3.711356961,,122.0726016,
STN0053,Canal,2012,Freshwater,StateB,1.757329983,,3.352809068,,6.232384323,8.013840876,135.8764279,295.9615197,2.942301815,3.72089737,0.125995474,5.778565196,,478.2578779
STN0172,,2008,Freshwater,StateB,7.012538624,,2.92389156,9.156867572,6.281004499,7.818824144,124.8355854,263.893876,2.124377622,3.284895826,,,49.94883585,696.1878792
STN0218,River,2024,Freshwater,StateA,0.664062176,,3.569302104,7.994892541,6.803482743,8.621757162,93.92106012,295.1642198,2.429506553,3.944755334,3.901063243,7.46961167,68.65509781,635.8408682
STN0160,River,2014,Marine,StateA,1.571569943,30.80023829,1.259414378,5.574664985,6.929228054,8.671651856,111.0546755,215.961073,1.136900905,3.289934503,2.819464605,13.59645345,170.4096832,300.5147939
STN0198,Reservoir,2024,Freshwater,StateA,7.938465524,37.60158175,3.31993515,5.469286424,6.405102695,7.664382066,66.03654061,191.7552722,1.835333992,3.530690852,1.305812163,6.688100058,111.8436264,431.782387
STN0416,River,2021,Freshwater,,2.654315081,33.01754738,3.245938352,9.548134097,6.906111002,8.387236115,117.3645417,269.7439796,1.23271697,,3.474765597,13.53942882,102.9484388,391.0014169
STN0247,Pond,2014,Marine,StateA,11.35081697,30.65915573,,8.346001315,6.321495701,8.542245632,67.92532557,198.9380877,2.225591671,4.332310671,,5.132288129,19.91594271,370.8342836
STN0324,Canal,,Freshwater,,13.78929938,26.48667506,3.413950666,9.146433997,6.476436986,8.309301374,119.3949591,194.9075061,2.876964316,4.5956153,3.981218047,10.11780457,3.205631291,528.9154692
STN0439,Canal,2010,Brackish,StateA,16.01173398,26.66003826,3.705871749,9.394894501,6.226028998,7.30319015,72.95981608,184.8758988,2.323555465,5.620855586,3.675125931,12.69442579,192.7370377,763.2251621
STN0203,,2015,Brackish,StateA,,33.3897391,,7.85886176,6.640476042,8.751766167,61.75513002,169.4518467,1.153606097,5.986706701,3.05053961,14.34795517,75.39723346,373.9623458
,,2016,Freshwater,StateC,3.349651645,39.88278722,2.079282881,7.587231759,6.978981115,8.078189105,66.52844901,,1.70933241,4.748143348,,,120.6426124,493.3431038
STN0123,Reservoir,2003,Marine,StateD,2.091356807,33.2367838,4.300197641,7.152137052,6.603493096,7.564944853,50.19921352,203.2979623,2.101326759,5.437421463,0.665910628,13.1962487,15.94301464,512.7339415
,Pond,2000,Brackish,StateB,12.72860499,31.15566835,2.993022729,6.584732939,6.357814084,7.850456371,121.8739618,251.0991312,1.806415512,3.980823073,1.306665089,13.8819135,,981.1652235
STN0255,,2007,Marine,StateA,,34.6130102,1.308233117,7.172979804,6.647817446,7.075142181,123.2401049,159.3847263,2.667288021,3.917231872,2.095497365,6.992196858,186.5133417,963.7330855
STN0294,Canal,2016,Marine,StateC,0.631722897,,,8.869398279,6.122920678,7.255733602,101.493335,181.5760409,2.629342009,4.208111163,,7.841842957,,
STN0280,Reservoir,2002,Brackish,StateC,18.72424492,21.20284685,2.336953275,8.009617155,6.88865908,8.531093501,66.13628011,271.353546,2.22366204,5.017521788,,7.889685249,25.22306448,
STN0325,River,2019,Marine,StateC,1.039425673,31.24593632,4.139587908,9.46261645,6.503083951,7.00002327,58.35543375,172.0382885,1.74691589,5.046575068,1.44092263,8.77053931,116.3443055,254.4298513
STN0372,Reservoir,2014,Brackish,StateB,10.82592671,39.15250569,,,6.449349742,7.833131657,51.91289664,201.396772,1.510672748,,0.032321789,8.933206704,153.2694426,453.5233102
STN0098,Reservoir,,,StateA,14.18121039,,4.154459859,8.035447894,6.585864788,8.045020362,66.5748177,279.6988383,1.211748636,3.399629772,2.48119611,10.44555325,81.28330731,413.4356395
STN0198,Canal,2023,,StateD,17.41938247,33.80009782,3.069076226,8.156537765,,7.10926884,139.0855535,173.2387967,1.709795367,4.897188769,1.428129943,6.598797634,175.9675496,604.7406401
STN0470,Lake,2021,Freshwater,StateD,14.28173864,24.01867377,2.760795992,7.958485812,6.071775806,8.946156326,74.15368417,162.4105253,1.826345034,3.384977587,3.673041504,11.91246664,129.7365907,822.1823281
STN0395,Pond,2013,Brackish,StateC,16.03456166,30.71655369,1.589810107,8.513168865,,7.452250662,85.42713272,222.6806993,2.35164585,4.735477525,0.119731326,6.675665393,179.8497837,886.6583511
STN0240,Pond,2022,Brackish,StateB,6.789003851,21.93352899,2.312771014,6.187167342,6.24193168,7.608397439,60.53454845,195.3629267,2.316319649,5.080266384,2.924139057,8.103084821,124.7010622,
STN0144,Canal,2013,Brackish,StateB,16.29650227,29.00741873,2.736077465,,,7.607885025,72.23613047,234.5112547,1.140216279,5.101834489,,,26.2575944,
STN0097,Reservoir,2023,Brackish,,1.602296928,35.12326658,1.354401719,5.521124014,6.822534794,7.460833324,101.9224571,270.5707336,1.790518631,5.260416332,0.872046336,12.96440562,61.93834222,749.7874748
STN0201,River,2001,,StateD,17.89633312,26.95143048,1.882447811,,6.803958508,7.002947644,110.7752683,170.5722732,1.363557734,5.618578265,2.358247454,12.39469233,40.35898965,450.267358
STN0124,Reservoir,2012,Freshwater,StateC,10.95184752,33.29823449,3.392901176,7.438335343,6.552500967,8.458689588,74.53523142,237.1048627,1.313625411,4.499876976,0.457109959,11.45534356,,248.7244346
STN0187,Canal,2013,Brackish,,16.3459554,35.90899922,3.942652457,8.261121298,6.520169892,8.933691,55.77321592,225.8263141,2.654604299,5.190747569,3.128409561,6.557732606,152.0800135,761.2522125
STN0326,Pond,2023,Marine,,9.04636569,38.54355639,4.993390046,9.752655263,6.142875961,,89.10328691,171.6118179,1.083830433,,2.752658403,10.47045346,135.2796738,207.8620421
STN0464,Reservoir,2018,,StateC,12.8715539,24.69284164,4.732453325,8.003255333,6.77534615,,73.42033709,243.5997728,1.838365752,3.559919819,2.036827621,5.874465018,60.19326393,527.34607
